id,sentiment
TEST_41600,2
TEST_41601,1
TEST_41602,2
TEST_41603,2
TEST_41604,2
TEST_41605,1
TEST_41606,2
TEST_41607,2
TEST_41608,1
TEST_41609,2
TEST_41610,2
TEST_41611,2
TEST_41612,2
TEST_41613,2
TEST_41614,2
TEST_41615,2
TEST_41616,1
TEST_41617,2
TEST_41618,2
TEST_41619,0
TEST_41620,2
TEST_41621,2
TEST_41622,2
TEST_41623,2
TEST_41624,2
TEST_41625,0
TEST_41626,2
TEST_41627,2
TEST_41628,1
TEST_41629,2
TEST_41630,2
TEST_41631,2
TEST_41632,1
TEST_41633,2
TEST_41634,2
TEST_41635,2
TEST_41636,2
TEST_41637,1
TEST_41638,0
TEST_41639,0
TEST_41640,0
TEST_41641,2
TEST_41642,2
TEST_41643,2
TEST_41644,2
TEST_41645,0
TEST_41646,2
TEST_41647,2
TEST_41648,2
TEST_41649,1
TEST_41650,2
TEST_41651,2
TEST_41652,2
TEST_41653,2
TEST_41654,2
TEST_41655,1
TEST_41656,2
TEST_41657,2
TEST_41658,2
TEST_41659,1
TEST_41660,0
TEST_41661,2
TEST_41662,2
TEST_41663,0
TEST_41664,2
TEST_41665,1
TEST_41666,0
TEST_41667,2
TEST_41668,2
TEST_41669,2
TEST_41670,2
TEST_41671,2
TEST_41672,2
TEST_41673,2
TEST_41674,2
TEST_41675,2
TEST_41676,2
TEST_41677,2
TEST_41678,2
TEST_41679,1
TEST_41680,2
TEST_41681,1
TEST_41682,1
TEST_41683,1
TEST_41684,2
TEST_41685,2
TEST_41686,2
TEST_41687,2
TEST_41688,2
TEST_41689,1
TEST_41690,2
TEST_41691,2
TEST_41692,1
TEST_41693,2
TEST_41694,0
TEST_41695,2
TEST_41696,1
TEST_41697,2
TEST_41698,2
TEST_41699,2
TEST_41700,2
TEST_41701,1
TEST_41702,2
TEST_41703,1
TEST_41704,2
TEST_41705,2
TEST_41706,1
TEST_41707,2
TEST_41708,2
TEST_41709,2
TEST_41710,2
TEST_41711,2
TEST_41712,1
TEST_41713,2
TEST_41714,2
TEST_41715,2
TEST_41716,2
TEST_41717,2
TEST_41718,2
TEST_41719,2
TEST_41720,2
TEST_41721,2
TEST_41722,1
TEST_41723,2
TEST_41724,2
TEST_41725,2
TEST_41726,1
TEST_41727,2
TEST_41728,2
TEST_41729,1
TEST_41730,1
TEST_41731,1
TEST_41732,0
TEST_41733,1
TEST_41734,2
TEST_41735,2
TEST_41736,2
TEST_41737,1
TEST_41738,2
TEST_41739,2
TEST_41740,1
TEST_41741,1
TEST_41742,2
TEST_41743,2
TEST_41744,2
TEST_41745,0
TEST_41746,2
TEST_41747,2
TEST_41748,1
TEST_41749,2
TEST_41750,2
TEST_41751,2
TEST_41752,2
TEST_41753,1
TEST_41754,2
TEST_41755,2
TEST_41756,2
TEST_41757,0
TEST_41758,2
TEST_41759,2
TEST_41760,1
TEST_41761,1
TEST_41762,2
TEST_41763,2
TEST_41764,2
TEST_41765,2
TEST_41766,1
TEST_41767,2
TEST_41768,2
TEST_41769,2
TEST_41770,2
TEST_41771,1
TEST_41772,2
TEST_41773,2
TEST_41774,2
TEST_41775,2
TEST_41776,2
TEST_41777,2
TEST_41778,1
TEST_41779,0
TEST_41780,2
TEST_41781,2
TEST_41782,2
TEST_41783,2
TEST_41784,0
TEST_41785,1
TEST_41786,2
TEST_41787,0
TEST_41788,2
TEST_41789,2
TEST_41790,2
TEST_41791,2
TEST_41792,2
TEST_41793,2
TEST_41794,2
TEST_41795,2
TEST_41796,2
TEST_41797,2
TEST_41798,0
TEST_41799,2
TEST_41800,2
TEST_41801,0
TEST_41802,1
TEST_41803,2
TEST_41804,1
TEST_41805,2
TEST_41806,2
TEST_41807,2
TEST_41808,2
TEST_41809,2
TEST_41810,1
TEST_41811,2
TEST_41812,2
TEST_41813,1
TEST_41814,2
TEST_41815,2
TEST_41816,2
TEST_41817,2
TEST_41818,2
TEST_41819,0
TEST_41820,2
TEST_41821,1
TEST_41822,2
TEST_41823,1
TEST_41824,1
TEST_41825,2
TEST_41826,1
TEST_41827,2
TEST_41828,2
TEST_41829,2
TEST_41830,2
TEST_41831,1
TEST_41832,2
TEST_41833,2
TEST_41834,2
TEST_41835,2
TEST_41836,1
TEST_41837,2
TEST_41838,2
TEST_41839,2
TEST_41840,2
TEST_41841,2
TEST_41842,2
TEST_41843,2
TEST_41844,2
TEST_41845,1
TEST_41846,1
TEST_41847,2
TEST_41848,2
TEST_41849,0
TEST_41850,2
TEST_41851,2
TEST_41852,2
TEST_41853,2
TEST_41854,2
TEST_41855,2
TEST_41856,2
TEST_41857,2
TEST_41858,2
TEST_41859,2
TEST_41860,2
TEST_41861,2
TEST_41862,2
TEST_41863,2
TEST_41864,2
TEST_41865,2
TEST_41866,1
TEST_41867,2
TEST_41868,2
TEST_41869,2
TEST_41870,1
TEST_41871,1
TEST_41872,1
TEST_41873,2
TEST_41874,2
TEST_41875,2
TEST_41876,2
TEST_41877,2
TEST_41878,1
TEST_41879,2
TEST_41880,2
TEST_41881,1
TEST_41882,2
TEST_41883,2
TEST_41884,2
TEST_41885,1
TEST_41886,2
TEST_41887,2
TEST_41888,1
TEST_41889,2
TEST_41890,0
TEST_41891,2
TEST_41892,1
TEST_41893,2
TEST_41894,2
TEST_41895,1
TEST_41896,2
TEST_41897,2
TEST_41898,2
TEST_41899,2
TEST_41900,2
TEST_41901,2
TEST_41902,2
TEST_41903,2
TEST_41904,2
TEST_41905,2
TEST_41906,2
TEST_41907,2
TEST_41908,2
TEST_41909,2
TEST_41910,0
TEST_41911,1
TEST_41912,0
TEST_41913,2
TEST_41914,2
TEST_41915,2
TEST_41916,2
TEST_41917,1
TEST_41918,2
TEST_41919,2
TEST_41920,2
TEST_41921,2
TEST_41922,2
TEST_41923,0
TEST_41924,2
TEST_41925,0
TEST_41926,2
TEST_41927,1
TEST_41928,2
TEST_41929,1
TEST_41930,2
TEST_41931,2
TEST_41932,2
TEST_41933,2
TEST_41934,0
TEST_41935,2
TEST_41936,2
TEST_41937,2
TEST_41938,2
TEST_41939,2
TEST_41940,2
TEST_41941,2
TEST_41942,2
TEST_41943,2
TEST_41944,2
TEST_41945,2
TEST_41946,2
TEST_41947,2
TEST_41948,2
TEST_41949,2
TEST_41950,1
TEST_41951,2
TEST_41952,1
TEST_41953,2
TEST_41954,2
TEST_41955,2
TEST_41956,2
TEST_41957,0
TEST_41958,2
TEST_41959,2
TEST_41960,1
TEST_41961,2
TEST_41962,2
TEST_41963,2
TEST_41964,0
TEST_41965,2
TEST_41966,2
TEST_41967,2
TEST_41968,2
TEST_41969,1
TEST_41970,2
TEST_41971,2
TEST_41972,2
TEST_41973,2
TEST_41974,2
TEST_41975,2
TEST_41976,1
TEST_41977,2
TEST_41978,1
TEST_41979,2
TEST_41980,2
TEST_41981,2
TEST_41982,1
TEST_41983,2
TEST_41984,2
TEST_41985,2
TEST_41986,2
TEST_41987,0
TEST_41988,2
TEST_41989,1
TEST_41990,2
TEST_41991,2
TEST_41992,1
TEST_41993,1
TEST_41994,2
TEST_41995,2
TEST_41996,2
TEST_41997,1
TEST_41998,2
TEST_41999,2
TEST_42000,2
TEST_42001,2
TEST_42002,2
TEST_42003,2
TEST_42004,2
TEST_42005,1
TEST_42006,2
TEST_42007,2
TEST_42008,2
TEST_42009,2
TEST_42010,1
TEST_42011,2
TEST_42012,2
TEST_42013,2
TEST_42014,2
TEST_42015,2
TEST_42016,2
TEST_42017,1
TEST_42018,1
TEST_42019,2
TEST_42020,0
TEST_42021,2
TEST_42022,1
TEST_42023,0
TEST_42024,2
TEST_42025,2
TEST_42026,1
TEST_42027,2
TEST_42028,2
TEST_42029,2
TEST_42030,0
TEST_42031,0
TEST_42032,2
TEST_42033,1
TEST_42034,2
TEST_42035,2
TEST_42036,2
TEST_42037,2
TEST_42038,1
TEST_42039,2
TEST_42040,2
TEST_42041,2
TEST_42042,0
TEST_42043,2
TEST_42044,2
TEST_42045,2
TEST_42046,2
TEST_42047,2
TEST_42048,0
TEST_42049,2
TEST_42050,1
TEST_42051,2
TEST_42052,2
TEST_42053,2
TEST_42054,2
TEST_42055,0
TEST_42056,2
TEST_42057,2
TEST_42058,1
TEST_42059,2
TEST_42060,1
TEST_42061,1
TEST_42062,2
TEST_42063,1
TEST_42064,2
TEST_42065,1
TEST_42066,2
TEST_42067,2
TEST_42068,2
TEST_42069,2
TEST_42070,2
TEST_42071,2
TEST_42072,2
TEST_42073,1
TEST_42074,1
TEST_42075,2
TEST_42076,1
TEST_42077,2
TEST_42078,2
TEST_42079,2
TEST_42080,2
TEST_42081,0
TEST_42082,2
TEST_42083,1
TEST_42084,2
TEST_42085,2
TEST_42086,2
TEST_42087,2
TEST_42088,2
TEST_42089,2
TEST_42090,2
TEST_42091,2
TEST_42092,2
TEST_42093,2
TEST_42094,1
TEST_42095,1
TEST_42096,2
TEST_42097,2
TEST_42098,2
TEST_42099,2
TEST_42100,2
TEST_42101,2
TEST_42102,2
TEST_42103,1
TEST_42104,2
TEST_42105,2
TEST_42106,2
TEST_42107,2
TEST_42108,2
TEST_42109,1
TEST_42110,2
TEST_42111,2
TEST_42112,2
TEST_42113,2
TEST_42114,2
TEST_42115,2
TEST_42116,2
TEST_42117,0
TEST_42118,1
TEST_42119,2
TEST_42120,2
TEST_42121,2
TEST_42122,2
TEST_42123,1
TEST_42124,2
TEST_42125,2
TEST_42126,2
TEST_42127,2
TEST_42128,0
TEST_42129,1
TEST_42130,2
TEST_42131,1
TEST_42132,2
TEST_42133,1
TEST_42134,2
TEST_42135,1
TEST_42136,2
TEST_42137,2
TEST_42138,2
TEST_42139,2
TEST_42140,2
TEST_42141,2
TEST_42142,2
TEST_42143,2
TEST_42144,2
TEST_42145,2
TEST_42146,2
TEST_42147,2
TEST_42148,0
TEST_42149,2
TEST_42150,1
TEST_42151,2
TEST_42152,2
TEST_42153,1
TEST_42154,2
TEST_42155,2
TEST_42156,2
TEST_42157,2
TEST_42158,2
TEST_42159,0
TEST_42160,2
TEST_42161,2
TEST_42162,2
TEST_42163,2
TEST_42164,2
TEST_42165,2
TEST_42166,2
TEST_42167,2
TEST_42168,1
TEST_42169,1
TEST_42170,1
TEST_42171,1
TEST_42172,1
TEST_42173,1
TEST_42174,2
TEST_42175,1
TEST_42176,1
TEST_42177,1
TEST_42178,1
TEST_42179,2
TEST_42180,2
TEST_42181,2
TEST_42182,2
TEST_42183,1
TEST_42184,2
TEST_42185,1
TEST_42186,2
TEST_42187,2
TEST_42188,2
TEST_42189,2
TEST_42190,2
TEST_42191,2
TEST_42192,2
TEST_42193,2
TEST_42194,2
TEST_42195,2
TEST_42196,2
TEST_42197,2
TEST_42198,2
TEST_42199,2
TEST_42200,0
TEST_42201,2
TEST_42202,2
TEST_42203,1
TEST_42204,2
TEST_42205,2
TEST_42206,2
TEST_42207,2
TEST_42208,2
TEST_42209,2
TEST_42210,1
TEST_42211,2
TEST_42212,2
TEST_42213,1
TEST_42214,2
TEST_42215,2
TEST_42216,2
TEST_42217,1
TEST_42218,1
TEST_42219,2
TEST_42220,2
TEST_42221,2
TEST_42222,2
TEST_42223,1
TEST_42224,2
TEST_42225,1
TEST_42226,2
TEST_42227,2
TEST_42228,2
TEST_42229,1
TEST_42230,0
TEST_42231,2
TEST_42232,1
TEST_42233,1
TEST_42234,2
TEST_42235,2
TEST_42236,1
TEST_42237,2
TEST_42238,2
TEST_42239,2
TEST_42240,2
TEST_42241,2
TEST_42242,2
TEST_42243,1
TEST_42244,0
TEST_42245,2
TEST_42246,2
TEST_42247,2
TEST_42248,2
TEST_42249,2
TEST_42250,2
TEST_42251,2
TEST_42252,2
TEST_42253,2
TEST_42254,2
TEST_42255,1
TEST_42256,2
TEST_42257,2
TEST_42258,2
TEST_42259,1
TEST_42260,2
TEST_42261,1
TEST_42262,2
TEST_42263,2
TEST_42264,0
TEST_42265,2
TEST_42266,2
TEST_42267,2
TEST_42268,2
TEST_42269,2
TEST_42270,2
TEST_42271,0
TEST_42272,2
TEST_42273,2
TEST_42274,1
TEST_42275,2
TEST_42276,0
TEST_42277,2
TEST_42278,2
TEST_42279,2
TEST_42280,2
TEST_42281,2
TEST_42282,2
TEST_42283,2
TEST_42284,2
TEST_42285,2
TEST_42286,0
TEST_42287,2
TEST_42288,2
TEST_42289,0
TEST_42290,2
TEST_42291,1
TEST_42292,2
TEST_42293,1
TEST_42294,2
TEST_42295,2
TEST_42296,2
TEST_42297,2
TEST_42298,2
TEST_42299,0
TEST_42300,0
TEST_42301,2
TEST_42302,2
TEST_42303,2
TEST_42304,1
TEST_42305,2
TEST_42306,1
TEST_42307,2
TEST_42308,1
TEST_42309,1
TEST_42310,2
TEST_42311,2
TEST_42312,1
TEST_42313,2
TEST_42314,2
TEST_42315,2
TEST_42316,2
TEST_42317,2
TEST_42318,2
TEST_42319,0
TEST_42320,1
TEST_42321,1
TEST_42322,1
TEST_42323,1
TEST_42324,1
TEST_42325,2
TEST_42326,1
TEST_42327,2
TEST_42328,2
TEST_42329,2
TEST_42330,2
TEST_42331,2
TEST_42332,2
TEST_42333,2
TEST_42334,2
TEST_42335,2
TEST_42336,2
TEST_42337,2
TEST_42338,1
TEST_42339,2
TEST_42340,2
TEST_42341,2
TEST_42342,2
TEST_42343,2
TEST_42344,2
TEST_42345,2
TEST_42346,1
TEST_42347,2
TEST_42348,2
TEST_42349,2
TEST_42350,2
TEST_42351,2
TEST_42352,0
TEST_42353,2
TEST_42354,2
TEST_42355,2
TEST_42356,2
TEST_42357,2
TEST_42358,2
TEST_42359,2
TEST_42360,2
TEST_42361,2
TEST_42362,2
TEST_42363,2
TEST_42364,2
TEST_42365,1
TEST_42366,2
TEST_42367,2
TEST_42368,0
TEST_42369,1
TEST_42370,2
TEST_42371,2
TEST_42372,1
TEST_42373,2
TEST_42374,2
TEST_42375,2
TEST_42376,2
TEST_42377,2
TEST_42378,1
TEST_42379,1
TEST_42380,2
TEST_42381,1
TEST_42382,0
TEST_42383,1
TEST_42384,1
TEST_42385,2
TEST_42386,2
TEST_42387,2
TEST_42388,2
TEST_42389,1
TEST_42390,2
TEST_42391,2
TEST_42392,1
TEST_42393,2
TEST_42394,1
TEST_42395,2
TEST_42396,1
TEST_42397,1
TEST_42398,2
TEST_42399,2
TEST_42400,2
TEST_42401,2
TEST_42402,0
TEST_42403,1
TEST_42404,2
TEST_42405,2
TEST_42406,2
TEST_42407,2
TEST_42408,2
TEST_42409,2
TEST_42410,1
TEST_42411,2
TEST_42412,2
TEST_42413,2
TEST_42414,2
TEST_42415,2
TEST_42416,2
TEST_42417,2
TEST_42418,2
TEST_42419,2
TEST_42420,2
TEST_42421,1
TEST_42422,2
TEST_42423,2
TEST_42424,2
TEST_42425,0
TEST_42426,2
TEST_42427,2
TEST_42428,2
TEST_42429,1
TEST_42430,2
TEST_42431,1
TEST_42432,2
TEST_42433,2
TEST_42434,2
TEST_42435,2
TEST_42436,2
TEST_42437,2
TEST_42438,0
TEST_42439,0
TEST_42440,2
TEST_42441,1
TEST_42442,2
TEST_42443,2
TEST_42444,2
TEST_42445,1
TEST_42446,1
TEST_42447,2
TEST_42448,2
TEST_42449,2
TEST_42450,2
TEST_42451,2
TEST_42452,2
TEST_42453,2
TEST_42454,1
TEST_42455,2
TEST_42456,2
TEST_42457,0
TEST_42458,2
TEST_42459,2
TEST_42460,2
TEST_42461,1
TEST_42462,0
TEST_42463,2
TEST_42464,2
TEST_42465,2
TEST_42466,2
TEST_42467,2
TEST_42468,2
TEST_42469,2
TEST_42470,2
TEST_42471,2
TEST_42472,2
TEST_42473,2
TEST_42474,2
TEST_42475,2
TEST_42476,2
TEST_42477,2
TEST_42478,2
TEST_42479,2
TEST_42480,2
TEST_42481,2
TEST_42482,2
TEST_42483,2
TEST_42484,2
TEST_42485,2
TEST_42486,2
TEST_42487,2
TEST_42488,2
TEST_42489,2
TEST_42490,2
TEST_42491,2
TEST_42492,2
TEST_42493,1
TEST_42494,0
TEST_42495,2
TEST_42496,2
TEST_42497,2
TEST_42498,1
TEST_42499,2
TEST_42500,2
TEST_42501,1
TEST_42502,2
TEST_42503,1
TEST_42504,2
TEST_42505,1
TEST_42506,2
TEST_42507,0
TEST_42508,2
TEST_42509,2
TEST_42510,2
TEST_42511,2
TEST_42512,1
TEST_42513,2
TEST_42514,2
TEST_42515,0
TEST_42516,2
TEST_42517,2
TEST_42518,2
TEST_42519,2
TEST_42520,2
TEST_42521,2
TEST_42522,2
TEST_42523,0
TEST_42524,2
TEST_42525,1
TEST_42526,2
TEST_42527,2
TEST_42528,1
TEST_42529,2
TEST_42530,2
TEST_42531,2
TEST_42532,2
TEST_42533,2
TEST_42534,2
TEST_42535,2
TEST_42536,2
TEST_42537,2
TEST_42538,2
TEST_42539,1
TEST_42540,0
TEST_42541,2
TEST_42542,2
TEST_42543,2
TEST_42544,2
TEST_42545,2
TEST_42546,2
TEST_42547,2
TEST_42548,2
TEST_42549,1
TEST_42550,2
TEST_42551,2
TEST_42552,1
TEST_42553,1
TEST_42554,2
TEST_42555,2
TEST_42556,2
TEST_42557,2
TEST_42558,2
TEST_42559,2
TEST_42560,2
TEST_42561,2
TEST_42562,2
TEST_42563,2
TEST_42564,2
TEST_42565,2
TEST_42566,2
TEST_42567,0
TEST_42568,2
TEST_42569,2
TEST_42570,2
TEST_42571,2
TEST_42572,1
TEST_42573,1
TEST_42574,1
TEST_42575,2
TEST_42576,2
TEST_42577,1
TEST_42578,1
TEST_42579,2
TEST_42580,0
TEST_42581,2
TEST_42582,2
TEST_42583,2
TEST_42584,2
TEST_42585,2
TEST_42586,1
TEST_42587,2
TEST_42588,2
TEST_42589,2
TEST_42590,2
TEST_42591,1
TEST_42592,2
TEST_42593,2
TEST_42594,2
TEST_42595,2
TEST_42596,1
TEST_42597,1
TEST_42598,0
TEST_42599,2
TEST_42600,1
TEST_42601,1
TEST_42602,0
TEST_42603,1
TEST_42604,2
TEST_42605,2
TEST_42606,2
TEST_42607,1
TEST_42608,1
TEST_42609,2
TEST_42610,2
TEST_42611,2
TEST_42612,2
TEST_42613,1
TEST_42614,2
TEST_42615,2
TEST_42616,2
TEST_42617,2
TEST_42618,2
TEST_42619,2
TEST_42620,2
TEST_42621,2
TEST_42622,2
TEST_42623,2
TEST_42624,1
TEST_42625,2
TEST_42626,2
TEST_42627,1
TEST_42628,2
TEST_42629,1
TEST_42630,2
TEST_42631,1
TEST_42632,1
TEST_42633,2
TEST_42634,2
TEST_42635,2
TEST_42636,2
TEST_42637,2
TEST_42638,2
TEST_42639,2
TEST_42640,1
TEST_42641,1
TEST_42642,1
TEST_42643,2
TEST_42644,2
TEST_42645,0
TEST_42646,1
TEST_42647,2
TEST_42648,2
TEST_42649,1
TEST_42650,0
TEST_42651,2
TEST_42652,2
TEST_42653,2
TEST_42654,2
TEST_42655,2
TEST_42656,2
TEST_42657,1
TEST_42658,2
TEST_42659,1
TEST_42660,2
TEST_42661,2
TEST_42662,2
TEST_42663,1
TEST_42664,2
TEST_42665,2
TEST_42666,2
TEST_42667,2
TEST_42668,2
TEST_42669,2
TEST_42670,1
TEST_42671,1
TEST_42672,2
TEST_42673,0
TEST_42674,1
TEST_42675,2
TEST_42676,1
TEST_42677,2
TEST_42678,2
TEST_42679,0
TEST_42680,1
TEST_42681,1
TEST_42682,1
TEST_42683,2
TEST_42684,2
TEST_42685,2
TEST_42686,2
TEST_42687,2
TEST_42688,2
TEST_42689,1
TEST_42690,1
TEST_42691,2
TEST_42692,2
TEST_42693,2
TEST_42694,2
TEST_42695,2
TEST_42696,2
TEST_42697,2
TEST_42698,2
TEST_42699,2
TEST_42700,1
TEST_42701,2
TEST_42702,2
TEST_42703,2
TEST_42704,2
TEST_42705,0
TEST_42706,2
TEST_42707,2
TEST_42708,2
TEST_42709,2
TEST_42710,1
TEST_42711,2
TEST_42712,2
TEST_42713,1
TEST_42714,2
TEST_42715,0
TEST_42716,0
TEST_42717,0
TEST_42718,2
TEST_42719,1
TEST_42720,1
TEST_42721,2
TEST_42722,2
TEST_42723,2
TEST_42724,2
TEST_42725,2
TEST_42726,1
TEST_42727,2
TEST_42728,2
TEST_42729,1
TEST_42730,2
TEST_42731,2
TEST_42732,2
TEST_42733,2
TEST_42734,2
TEST_42735,2
TEST_42736,2
TEST_42737,2
TEST_42738,2
TEST_42739,2
TEST_42740,2
TEST_42741,2
TEST_42742,2
TEST_42743,1
TEST_42744,2
TEST_42745,0
TEST_42746,2
TEST_42747,2
TEST_42748,2
TEST_42749,2
TEST_42750,2
TEST_42751,2
TEST_42752,2
TEST_42753,2
TEST_42754,2
TEST_42755,2
TEST_42756,2
TEST_42757,0
TEST_42758,1
TEST_42759,1
TEST_42760,2
TEST_42761,2
TEST_42762,2
TEST_42763,1
TEST_42764,2
TEST_42765,2
TEST_42766,2
TEST_42767,2
TEST_42768,2
TEST_42769,2
TEST_42770,2
TEST_42771,2
TEST_42772,0
TEST_42773,2
TEST_42774,2
TEST_42775,2
TEST_42776,2
TEST_42777,2
TEST_42778,1
TEST_42779,2
TEST_42780,2
TEST_42781,1
TEST_42782,2
TEST_42783,1
TEST_42784,2
TEST_42785,2
TEST_42786,1
TEST_42787,1
TEST_42788,0
TEST_42789,1
TEST_42790,2
TEST_42791,2
TEST_42792,1
TEST_42793,1
TEST_42794,2
TEST_42795,2
TEST_42796,2
TEST_42797,2
TEST_42798,1
TEST_42799,1
TEST_42800,2
TEST_42801,2
TEST_42802,2
TEST_42803,2
TEST_42804,2
TEST_42805,2
TEST_42806,2
TEST_42807,2
TEST_42808,1
TEST_42809,2
TEST_42810,2
TEST_42811,2
TEST_42812,2
TEST_42813,2
TEST_42814,2
TEST_42815,2
TEST_42816,2
TEST_42817,1
TEST_42818,2
TEST_42819,2
TEST_42820,1
TEST_42821,1
TEST_42822,2
TEST_42823,2
TEST_42824,1
TEST_42825,2
TEST_42826,2
TEST_42827,1
TEST_42828,2
TEST_42829,2
TEST_42830,2
TEST_42831,1
TEST_42832,2
TEST_42833,1
TEST_42834,1
TEST_42835,2
TEST_42836,0
TEST_42837,2
TEST_42838,2
TEST_42839,1
TEST_42840,2
TEST_42841,2
TEST_42842,0
TEST_42843,2
TEST_42844,2
TEST_42845,2
TEST_42846,2
TEST_42847,2
TEST_42848,1
TEST_42849,1
TEST_42850,0
TEST_42851,2
TEST_42852,0
TEST_42853,2
TEST_42854,2
TEST_42855,2
TEST_42856,2
TEST_42857,2
TEST_42858,1
TEST_42859,2
TEST_42860,2
TEST_42861,1
TEST_42862,1
TEST_42863,2
TEST_42864,2
TEST_42865,1
TEST_42866,2
TEST_42867,1
TEST_42868,0
TEST_42869,2
TEST_42870,2
TEST_42871,2
TEST_42872,2
TEST_42873,1
TEST_42874,2
TEST_42875,2
TEST_42876,2
TEST_42877,2
TEST_42878,2
TEST_42879,1
TEST_42880,2
TEST_42881,2
TEST_42882,1
TEST_42883,2
TEST_42884,1
TEST_42885,1
TEST_42886,2
TEST_42887,2
TEST_42888,2
TEST_42889,2
TEST_42890,2
TEST_42891,2
TEST_42892,0
TEST_42893,2
TEST_42894,2
TEST_42895,2
TEST_42896,2
TEST_42897,2
TEST_42898,2
TEST_42899,2
TEST_42900,1
TEST_42901,2
TEST_42902,2
TEST_42903,2
TEST_42904,1
TEST_42905,1
TEST_42906,2
TEST_42907,2
TEST_42908,0
TEST_42909,2
TEST_42910,2
TEST_42911,2
TEST_42912,2
TEST_42913,1
TEST_42914,2
TEST_42915,2
TEST_42916,2
TEST_42917,2
TEST_42918,2
TEST_42919,0
TEST_42920,0
TEST_42921,2
TEST_42922,2
TEST_42923,2
TEST_42924,0
TEST_42925,0
TEST_42926,2
TEST_42927,2
TEST_42928,2
TEST_42929,2
TEST_42930,2
TEST_42931,2
TEST_42932,2
TEST_42933,2
TEST_42934,2
TEST_42935,2
TEST_42936,2
TEST_42937,2
TEST_42938,2
TEST_42939,2
TEST_42940,1
TEST_42941,1
TEST_42942,2
TEST_42943,2
TEST_42944,2
TEST_42945,1
TEST_42946,2
TEST_42947,2
TEST_42948,2
TEST_42949,2
TEST_42950,2
TEST_42951,1
TEST_42952,2
TEST_42953,2
TEST_42954,2
TEST_42955,1
TEST_42956,2
TEST_42957,1
TEST_42958,2
TEST_42959,2
TEST_42960,2
TEST_42961,2
TEST_42962,0
TEST_42963,1
TEST_42964,2
TEST_42965,1
TEST_42966,2
TEST_42967,2
TEST_42968,2
TEST_42969,2
TEST_42970,2
TEST_42971,2
TEST_42972,2
TEST_42973,2
TEST_42974,2
TEST_42975,2
TEST_42976,2
TEST_42977,2
TEST_42978,1
TEST_42979,2
TEST_42980,2
TEST_42981,2
TEST_42982,2
TEST_42983,2
TEST_42984,2
TEST_42985,2
TEST_42986,2
TEST_42987,1
TEST_42988,2
TEST_42989,2
TEST_42990,2
TEST_42991,2
TEST_42992,2
TEST_42993,2
TEST_42994,2
TEST_42995,2
TEST_42996,2
TEST_42997,2
TEST_42998,2
TEST_42999,2
TEST_43000,1
TEST_43001,2
TEST_43002,1
TEST_43003,2
TEST_43004,1
TEST_43005,2
TEST_43006,1
TEST_43007,2
TEST_43008,2
TEST_43009,1
TEST_43010,2
TEST_43011,2
TEST_43012,2
TEST_43013,2
TEST_43014,2
TEST_43015,2
TEST_43016,2
TEST_43017,2
TEST_43018,2
TEST_43019,2
TEST_43020,2
TEST_43021,2
TEST_43022,2
TEST_43023,1
TEST_43024,2
TEST_43025,2
TEST_43026,2
TEST_43027,2
TEST_43028,2
TEST_43029,2
TEST_43030,2
TEST_43031,1
TEST_43032,1
TEST_43033,1
TEST_43034,2
TEST_43035,2
TEST_43036,2
TEST_43037,1
TEST_43038,2
TEST_43039,2
TEST_43040,2
TEST_43041,2
TEST_43042,1
TEST_43043,2
TEST_43044,2
TEST_43045,2
TEST_43046,2
TEST_43047,2
TEST_43048,2
TEST_43049,1
TEST_43050,2
TEST_43051,1
TEST_43052,1
TEST_43053,2
TEST_43054,2
TEST_43055,1
TEST_43056,2
TEST_43057,2
TEST_43058,2
TEST_43059,2
TEST_43060,2
TEST_43061,2
TEST_43062,2
TEST_43063,2
TEST_43064,2
TEST_43065,1
TEST_43066,2
TEST_43067,0
TEST_43068,2
TEST_43069,2
TEST_43070,0
TEST_43071,2
TEST_43072,2
TEST_43073,2
TEST_43074,2
TEST_43075,1
TEST_43076,2
TEST_43077,1
TEST_43078,2
TEST_43079,2
TEST_43080,2
TEST_43081,2
TEST_43082,2
TEST_43083,2
TEST_43084,2
TEST_43085,2
TEST_43086,2
TEST_43087,2
TEST_43088,0
TEST_43089,2
TEST_43090,1
TEST_43091,2
TEST_43092,1
TEST_43093,2
TEST_43094,2
TEST_43095,1
TEST_43096,2
TEST_43097,0
TEST_43098,1
TEST_43099,2
TEST_43100,2
TEST_43101,2
TEST_43102,1
TEST_43103,2
TEST_43104,2
TEST_43105,2
TEST_43106,2
TEST_43107,1
TEST_43108,1
TEST_43109,1
TEST_43110,0
TEST_43111,0
TEST_43112,2
TEST_43113,2
TEST_43114,2
TEST_43115,2
TEST_43116,2
TEST_43117,2
TEST_43118,2
TEST_43119,2
TEST_43120,2
TEST_43121,2
TEST_43122,2
TEST_43123,1
TEST_43124,2
TEST_43125,1
TEST_43126,1
TEST_43127,2
TEST_43128,2
TEST_43129,2
TEST_43130,2
TEST_43131,2
TEST_43132,2
TEST_43133,2
TEST_43134,2
TEST_43135,1
TEST_43136,2
TEST_43137,1
TEST_43138,2
TEST_43139,1
TEST_43140,2
TEST_43141,1
TEST_43142,2
TEST_43143,2
TEST_43144,2
TEST_43145,2
TEST_43146,2
TEST_43147,2
TEST_43148,0
TEST_43149,2
TEST_43150,1
TEST_43151,2
TEST_43152,2
TEST_43153,2
TEST_43154,2
TEST_43155,2
TEST_43156,2
TEST_43157,2
TEST_43158,1
TEST_43159,1
TEST_43160,2
TEST_43161,2
TEST_43162,2
TEST_43163,1
TEST_43164,2
TEST_43165,2
TEST_43166,1
TEST_43167,2
TEST_43168,2
TEST_43169,2
TEST_43170,2
TEST_43171,2
TEST_43172,2
TEST_43173,2
TEST_43174,1
TEST_43175,2
TEST_43176,2
TEST_43177,0
TEST_43178,2
TEST_43179,2
TEST_43180,2
TEST_43181,2
TEST_43182,2
TEST_43183,2
TEST_43184,2
TEST_43185,2
TEST_43186,2
TEST_43187,2
TEST_43188,2
TEST_43189,2
TEST_43190,2
TEST_43191,2
TEST_43192,2
TEST_43193,0
TEST_43194,2
TEST_43195,2
TEST_43196,0
TEST_43197,2
TEST_43198,0
TEST_43199,2
TEST_43200,2
TEST_43201,2
TEST_43202,0
TEST_43203,2
TEST_43204,2
TEST_43205,2
TEST_43206,2
TEST_43207,1
TEST_43208,2
TEST_43209,1
TEST_43210,2
TEST_43211,2
TEST_43212,2
TEST_43213,2
TEST_43214,2
TEST_43215,2
TEST_43216,2
TEST_43217,2
TEST_43218,2
TEST_43219,2
TEST_43220,2
TEST_43221,0
TEST_43222,2
TEST_43223,2
TEST_43224,1
TEST_43225,2
TEST_43226,2
TEST_43227,1
TEST_43228,2
TEST_43229,2
TEST_43230,2
TEST_43231,1
TEST_43232,2
TEST_43233,2
TEST_43234,2
TEST_43235,2
TEST_43236,2
TEST_43237,2
TEST_43238,1
TEST_43239,2
TEST_43240,2
TEST_43241,1
TEST_43242,2
TEST_43243,2
TEST_43244,2
TEST_43245,2
TEST_43246,2
TEST_43247,2
TEST_43248,2
TEST_43249,2
TEST_43250,2
TEST_43251,1
TEST_43252,2
TEST_43253,2
TEST_43254,1
TEST_43255,1
TEST_43256,2
TEST_43257,1
TEST_43258,2
TEST_43259,1
TEST_43260,2
TEST_43261,2
TEST_43262,2
TEST_43263,2
TEST_43264,2
TEST_43265,2
TEST_43266,2
TEST_43267,2
TEST_43268,2
TEST_43269,2
TEST_43270,2
TEST_43271,2
TEST_43272,2
TEST_43273,2
TEST_43274,2
TEST_43275,2
TEST_43276,2
TEST_43277,2
TEST_43278,2
TEST_43279,2
TEST_43280,2
TEST_43281,0
TEST_43282,2
TEST_43283,2
TEST_43284,2
TEST_43285,1
TEST_43286,2
TEST_43287,2
TEST_43288,1
TEST_43289,2
TEST_43290,2
TEST_43291,2
TEST_43292,2
TEST_43293,1
TEST_43294,2
TEST_43295,2
TEST_43296,2
TEST_43297,2
TEST_43298,2
TEST_43299,1
TEST_43300,2
TEST_43301,2
TEST_43302,2
TEST_43303,2
TEST_43304,2
TEST_43305,1
TEST_43306,2
TEST_43307,0
TEST_43308,2
TEST_43309,2
TEST_43310,2
TEST_43311,2
TEST_43312,1
TEST_43313,2
TEST_43314,0
TEST_43315,2
TEST_43316,2
TEST_43317,2
TEST_43318,2
TEST_43319,2
TEST_43320,2
TEST_43321,2
TEST_43322,2
TEST_43323,2
TEST_43324,2
TEST_43325,0
TEST_43326,2
TEST_43327,1
TEST_43328,2
TEST_43329,1
TEST_43330,2
TEST_43331,2
TEST_43332,2
TEST_43333,1
TEST_43334,2
TEST_43335,2
TEST_43336,2
TEST_43337,0
TEST_43338,2
TEST_43339,2
TEST_43340,2
TEST_43341,2
TEST_43342,1
TEST_43343,1
TEST_43344,1
TEST_43345,2
TEST_43346,2
TEST_43347,1
TEST_43348,0
TEST_43349,2
TEST_43350,2
TEST_43351,2
TEST_43352,2
TEST_43353,2
TEST_43354,2
TEST_43355,2
TEST_43356,2
TEST_43357,0
TEST_43358,2
TEST_43359,2
TEST_43360,2
TEST_43361,2
TEST_43362,1
TEST_43363,2
TEST_43364,2
TEST_43365,2
TEST_43366,2
TEST_43367,2
TEST_43368,1
TEST_43369,2
TEST_43370,1
TEST_43371,2
TEST_43372,2
TEST_43373,2
TEST_43374,2
TEST_43375,2
TEST_43376,0
TEST_43377,2
TEST_43378,1
TEST_43379,1
TEST_43380,2
TEST_43381,2
TEST_43382,2
TEST_43383,2
TEST_43384,1
TEST_43385,2
TEST_43386,2
TEST_43387,2
TEST_43388,2
TEST_43389,2
TEST_43390,2
TEST_43391,2
TEST_43392,1
TEST_43393,0
TEST_43394,2
TEST_43395,2
TEST_43396,2
TEST_43397,2
TEST_43398,2
TEST_43399,0
TEST_43400,2
TEST_43401,2
TEST_43402,2
TEST_43403,2
TEST_43404,2
TEST_43405,2
TEST_43406,2
TEST_43407,2
TEST_43408,2
TEST_43409,2
TEST_43410,2
TEST_43411,2
TEST_43412,2
TEST_43413,2
TEST_43414,2
TEST_43415,2
TEST_43416,1
TEST_43417,2
TEST_43418,2
TEST_43419,1
TEST_43420,2
TEST_43421,2
TEST_43422,2
TEST_43423,2
TEST_43424,2
TEST_43425,2
TEST_43426,0
TEST_43427,1
TEST_43428,2
TEST_43429,2
TEST_43430,2
TEST_43431,0
TEST_43432,2
TEST_43433,1
TEST_43434,2
TEST_43435,2
TEST_43436,2
TEST_43437,2
TEST_43438,1
TEST_43439,2
TEST_43440,2
TEST_43441,1
TEST_43442,2
TEST_43443,2
TEST_43444,2
TEST_43445,1
TEST_43446,2
TEST_43447,2
TEST_43448,2
TEST_43449,2
TEST_43450,1
TEST_43451,1
TEST_43452,2
TEST_43453,1
TEST_43454,1
TEST_43455,2
TEST_43456,1
TEST_43457,2
TEST_43458,2
TEST_43459,1
TEST_43460,2
TEST_43461,2
TEST_43462,2
TEST_43463,2
TEST_43464,2
TEST_43465,2
TEST_43466,2
TEST_43467,2
TEST_43468,2
TEST_43469,1
TEST_43470,2
TEST_43471,1
TEST_43472,2
TEST_43473,2
TEST_43474,2
TEST_43475,2
TEST_43476,2
TEST_43477,2
TEST_43478,2
TEST_43479,0
TEST_43480,2
TEST_43481,2
TEST_43482,2
TEST_43483,0
TEST_43484,2
TEST_43485,2
TEST_43486,2
TEST_43487,2
TEST_43488,2
TEST_43489,0
TEST_43490,2
TEST_43491,2
TEST_43492,1
TEST_43493,1
TEST_43494,2
TEST_43495,1
TEST_43496,2
TEST_43497,2
TEST_43498,2
TEST_43499,2
TEST_43500,2
TEST_43501,1
TEST_43502,2
TEST_43503,2
TEST_43504,2
TEST_43505,2
TEST_43506,2
TEST_43507,1
TEST_43508,2
TEST_43509,2
TEST_43510,2
TEST_43511,2
TEST_43512,2
TEST_43513,2
TEST_43514,2
TEST_43515,2
TEST_43516,2
TEST_43517,2
TEST_43518,2
TEST_43519,2
TEST_43520,2
TEST_43521,2
TEST_43522,1
TEST_43523,2
TEST_43524,2
TEST_43525,0
TEST_43526,1
TEST_43527,2
TEST_43528,2
TEST_43529,0
TEST_43530,2
TEST_43531,1
TEST_43532,0
TEST_43533,2
TEST_43534,2
TEST_43535,2
TEST_43536,1
TEST_43537,2
TEST_43538,1
TEST_43539,2
TEST_43540,2
TEST_43541,2
TEST_43542,1
TEST_43543,2
TEST_43544,2
TEST_43545,0
TEST_43546,2
TEST_43547,2
TEST_43548,2
TEST_43549,2
TEST_43550,2
TEST_43551,2
TEST_43552,0
TEST_43553,2
TEST_43554,1
TEST_43555,2
TEST_43556,2
TEST_43557,2
TEST_43558,2
TEST_43559,2
TEST_43560,2
TEST_43561,2
TEST_43562,2
TEST_43563,1
TEST_43564,1
TEST_43565,2
TEST_43566,2
TEST_43567,2
TEST_43568,2
TEST_43569,2
TEST_43570,2
TEST_43571,2
TEST_43572,2
TEST_43573,2
TEST_43574,2
TEST_43575,2
TEST_43576,2
TEST_43577,1
TEST_43578,2
TEST_43579,0
TEST_43580,2
TEST_43581,2
TEST_43582,0
TEST_43583,2
TEST_43584,2
TEST_43585,2
TEST_43586,2
TEST_43587,2
TEST_43588,2
TEST_43589,2
TEST_43590,2
TEST_43591,1
TEST_43592,2
TEST_43593,2
TEST_43594,1
TEST_43595,0
TEST_43596,2
TEST_43597,1
TEST_43598,1
TEST_43599,2
TEST_43600,0
TEST_43601,0
TEST_43602,2
TEST_43603,2
TEST_43604,2
TEST_43605,2
TEST_43606,2
TEST_43607,2
TEST_43608,2
TEST_43609,2
TEST_43610,2
TEST_43611,2
TEST_43612,2
TEST_43613,2
TEST_43614,2
TEST_43615,0
TEST_43616,2
TEST_43617,2
TEST_43618,2
TEST_43619,2
TEST_43620,2
TEST_43621,2
TEST_43622,2
TEST_43623,2
TEST_43624,2
TEST_43625,2
TEST_43626,2
TEST_43627,2
TEST_43628,2
TEST_43629,0
TEST_43630,2
TEST_43631,2
TEST_43632,2
TEST_43633,2
TEST_43634,2
TEST_43635,2
TEST_43636,2
TEST_43637,2
TEST_43638,2
TEST_43639,2
TEST_43640,2
TEST_43641,2
TEST_43642,1
TEST_43643,1
TEST_43644,1
TEST_43645,2
TEST_43646,2
TEST_43647,2
TEST_43648,1
TEST_43649,2
TEST_43650,1
TEST_43651,2
TEST_43652,2
TEST_43653,1
TEST_43654,2
TEST_43655,1
TEST_43656,2
TEST_43657,2
TEST_43658,2
TEST_43659,2
TEST_43660,2
TEST_43661,2
TEST_43662,2
TEST_43663,2
TEST_43664,2
TEST_43665,1
TEST_43666,2
TEST_43667,1
TEST_43668,2
TEST_43669,0
TEST_43670,1
TEST_43671,2
TEST_43672,1
TEST_43673,2
TEST_43674,2
TEST_43675,2
TEST_43676,1
TEST_43677,2
TEST_43678,2
TEST_43679,2
TEST_43680,2
TEST_43681,0
TEST_43682,0
TEST_43683,2
TEST_43684,0
TEST_43685,1
TEST_43686,1
TEST_43687,2
TEST_43688,1
TEST_43689,1
TEST_43690,2
TEST_43691,2
TEST_43692,2
TEST_43693,2
TEST_43694,2
TEST_43695,1
TEST_43696,2
TEST_43697,1
TEST_43698,2
TEST_43699,2
TEST_43700,1
TEST_43701,1
TEST_43702,1
TEST_43703,2
TEST_43704,1
TEST_43705,2
TEST_43706,2
TEST_43707,2
TEST_43708,2
TEST_43709,2
TEST_43710,2
TEST_43711,1
TEST_43712,2
TEST_43713,2
TEST_43714,2
TEST_43715,2
TEST_43716,2
TEST_43717,2
TEST_43718,2
TEST_43719,2
TEST_43720,2
TEST_43721,2
TEST_43722,1
TEST_43723,1
TEST_43724,2
TEST_43725,1
TEST_43726,2
TEST_43727,2
TEST_43728,1
TEST_43729,1
TEST_43730,1
TEST_43731,2
TEST_43732,1
TEST_43733,2
TEST_43734,1
TEST_43735,2
TEST_43736,2
TEST_43737,2
TEST_43738,2
TEST_43739,2
TEST_43740,2
TEST_43741,2
TEST_43742,1
TEST_43743,2
TEST_43744,1
TEST_43745,2
TEST_43746,2
TEST_43747,1
TEST_43748,2
TEST_43749,2
TEST_43750,2
TEST_43751,2
TEST_43752,2
TEST_43753,2
TEST_43754,2
TEST_43755,0
TEST_43756,2
TEST_43757,2
TEST_43758,2
TEST_43759,1
TEST_43760,2
TEST_43761,2
TEST_43762,2
TEST_43763,2
TEST_43764,2
TEST_43765,1
TEST_43766,0
TEST_43767,2
TEST_43768,2
TEST_43769,1
TEST_43770,2
TEST_43771,1
TEST_43772,1
TEST_43773,2
TEST_43774,0
TEST_43775,2
TEST_43776,2
TEST_43777,2
TEST_43778,1
TEST_43779,1
TEST_43780,1
TEST_43781,2
TEST_43782,1
TEST_43783,1
TEST_43784,2
TEST_43785,2
TEST_43786,2
TEST_43787,2
TEST_43788,2
TEST_43789,2
TEST_43790,2
TEST_43791,2
TEST_43792,2
TEST_43793,2
TEST_43794,2
TEST_43795,2
TEST_43796,2
TEST_43797,1
TEST_43798,2
TEST_43799,2
TEST_43800,2
TEST_43801,2
TEST_43802,2
TEST_43803,2
TEST_43804,2
TEST_43805,2
TEST_43806,1
TEST_43807,2
TEST_43808,1
TEST_43809,0
TEST_43810,2
TEST_43811,2
TEST_43812,2
TEST_43813,2
TEST_43814,2
TEST_43815,2
TEST_43816,1
TEST_43817,1
TEST_43818,2
TEST_43819,2
TEST_43820,2
TEST_43821,2
TEST_43822,2
TEST_43823,1
TEST_43824,2
TEST_43825,2
TEST_43826,1
TEST_43827,1
TEST_43828,2
TEST_43829,2
TEST_43830,2
TEST_43831,2
TEST_43832,1
TEST_43833,2
TEST_43834,0
TEST_43835,2
TEST_43836,2
TEST_43837,2
TEST_43838,2
TEST_43839,2
TEST_43840,1
TEST_43841,2
TEST_43842,1
TEST_43843,2
TEST_43844,2
TEST_43845,2
TEST_43846,2
TEST_43847,2
TEST_43848,2
TEST_43849,2
TEST_43850,2
TEST_43851,2
TEST_43852,2
TEST_43853,2
TEST_43854,2
TEST_43855,2
TEST_43856,1
TEST_43857,2
TEST_43858,2
TEST_43859,2
TEST_43860,2
TEST_43861,1
TEST_43862,2
TEST_43863,2
TEST_43864,2
TEST_43865,0
TEST_43866,2
TEST_43867,2
TEST_43868,2
TEST_43869,2
TEST_43870,2
TEST_43871,1
TEST_43872,2
TEST_43873,1
TEST_43874,2
TEST_43875,1
TEST_43876,2
TEST_43877,2
TEST_43878,2
TEST_43879,2
TEST_43880,2
TEST_43881,2
TEST_43882,2
TEST_43883,2
TEST_43884,2
TEST_43885,1
TEST_43886,2
TEST_43887,2
TEST_43888,2
TEST_43889,2
TEST_43890,0
TEST_43891,2
TEST_43892,2
TEST_43893,2
TEST_43894,2
TEST_43895,2
TEST_43896,1
TEST_43897,0
TEST_43898,2
TEST_43899,2
TEST_43900,2
TEST_43901,2
TEST_43902,2
TEST_43903,2
TEST_43904,2
TEST_43905,1
TEST_43906,2
TEST_43907,2
TEST_43908,2
TEST_43909,2
TEST_43910,2
TEST_43911,2
TEST_43912,2
TEST_43913,1
TEST_43914,1
TEST_43915,1
TEST_43916,2
TEST_43917,1
TEST_43918,2
TEST_43919,2
TEST_43920,0
TEST_43921,2
TEST_43922,0
TEST_43923,2
TEST_43924,2
TEST_43925,2
TEST_43926,2
TEST_43927,2
TEST_43928,2
TEST_43929,2
TEST_43930,2
TEST_43931,2
TEST_43932,2
TEST_43933,0
TEST_43934,1
TEST_43935,2
TEST_43936,2
TEST_43937,2
TEST_43938,2
TEST_43939,2
TEST_43940,2
TEST_43941,2
TEST_43942,1
TEST_43943,1
TEST_43944,2
TEST_43945,2
TEST_43946,2
TEST_43947,2
TEST_43948,2
TEST_43949,2
TEST_43950,1
TEST_43951,2
TEST_43952,2
TEST_43953,2
TEST_43954,2
TEST_43955,1
TEST_43956,2
TEST_43957,2
TEST_43958,2
TEST_43959,2
TEST_43960,1
TEST_43961,2
TEST_43962,1
TEST_43963,2
TEST_43964,2
TEST_43965,2
TEST_43966,2
TEST_43967,1
TEST_43968,1
TEST_43969,2
TEST_43970,2
TEST_43971,2
TEST_43972,2
TEST_43973,2
TEST_43974,0
TEST_43975,2
TEST_43976,0
TEST_43977,1
TEST_43978,2
TEST_43979,2
TEST_43980,2
TEST_43981,2
TEST_43982,2
TEST_43983,1
TEST_43984,2
TEST_43985,2
TEST_43986,2
TEST_43987,2
TEST_43988,2
TEST_43989,2
TEST_43990,2
TEST_43991,1
TEST_43992,2
TEST_43993,0
TEST_43994,2
TEST_43995,2
TEST_43996,1
TEST_43997,1
TEST_43998,2
TEST_43999,2
TEST_44000,2
TEST_44001,2
TEST_44002,2
TEST_44003,2
TEST_44004,1
TEST_44005,1
TEST_44006,1
TEST_44007,2
TEST_44008,0
TEST_44009,2
TEST_44010,2
TEST_44011,1
TEST_44012,2
TEST_44013,2
TEST_44014,1
TEST_44015,2
TEST_44016,2
TEST_44017,0
TEST_44018,0
TEST_44019,2
TEST_44020,2
TEST_44021,2
TEST_44022,2
TEST_44023,2
TEST_44024,2
TEST_44025,1
TEST_44026,2
TEST_44027,2
TEST_44028,2
TEST_44029,2
TEST_44030,2
TEST_44031,2
TEST_44032,2
TEST_44033,2
TEST_44034,2
TEST_44035,2
TEST_44036,0
TEST_44037,2
TEST_44038,2
TEST_44039,2
TEST_44040,2
TEST_44041,2
TEST_44042,2
TEST_44043,2
TEST_44044,1
TEST_44045,2
TEST_44046,2
TEST_44047,1
TEST_44048,2
TEST_44049,1
TEST_44050,1
TEST_44051,2
TEST_44052,1
TEST_44053,2
TEST_44054,2
TEST_44055,1
TEST_44056,2
TEST_44057,0
TEST_44058,2
TEST_44059,2
TEST_44060,2
TEST_44061,2
TEST_44062,1
TEST_44063,2
TEST_44064,2
TEST_44065,2
TEST_44066,2
TEST_44067,1
TEST_44068,2
TEST_44069,1
TEST_44070,1
TEST_44071,2
TEST_44072,2
TEST_44073,2
TEST_44074,1
TEST_44075,1
TEST_44076,2
TEST_44077,2
TEST_44078,2
TEST_44079,2
TEST_44080,2
TEST_44081,2
TEST_44082,2
TEST_44083,2
TEST_44084,1
TEST_44085,2
TEST_44086,2
TEST_44087,1
TEST_44088,2
TEST_44089,2
TEST_44090,2
TEST_44091,1
TEST_44092,2
TEST_44093,2
TEST_44094,2
TEST_44095,2
TEST_44096,2
TEST_44097,1
TEST_44098,2
TEST_44099,1
TEST_44100,2
TEST_44101,2
TEST_44102,2
TEST_44103,2
TEST_44104,2
TEST_44105,2
TEST_44106,1
TEST_44107,1
TEST_44108,2
TEST_44109,1
TEST_44110,2
TEST_44111,2
TEST_44112,2
TEST_44113,2
TEST_44114,1
TEST_44115,2
TEST_44116,2
TEST_44117,2
TEST_44118,2
TEST_44119,2
TEST_44120,2
TEST_44121,2
TEST_44122,2
TEST_44123,2
TEST_44124,2
TEST_44125,2
TEST_44126,2
TEST_44127,1
TEST_44128,2
TEST_44129,1
TEST_44130,1
TEST_44131,2
TEST_44132,2
TEST_44133,1
TEST_44134,2
TEST_44135,2
TEST_44136,0
TEST_44137,2
TEST_44138,1
TEST_44139,2
TEST_44140,2
TEST_44141,2
TEST_44142,0
TEST_44143,0
TEST_44144,0
TEST_44145,2
TEST_44146,2
TEST_44147,2
TEST_44148,2
TEST_44149,1
TEST_44150,2
TEST_44151,2
TEST_44152,2
TEST_44153,2
TEST_44154,0
TEST_44155,2
TEST_44156,2
TEST_44157,2
TEST_44158,2
TEST_44159,1
TEST_44160,2
TEST_44161,1
TEST_44162,2
TEST_44163,2
TEST_44164,2
TEST_44165,1
TEST_44166,2
TEST_44167,2
TEST_44168,2
TEST_44169,2
TEST_44170,2
TEST_44171,0
TEST_44172,1
TEST_44173,2
TEST_44174,2
TEST_44175,2
TEST_44176,0
TEST_44177,2
TEST_44178,2
TEST_44179,2
TEST_44180,2
TEST_44181,2
TEST_44182,2
TEST_44183,2
TEST_44184,2
TEST_44185,1
TEST_44186,2
TEST_44187,2
TEST_44188,0
TEST_44189,2
TEST_44190,2
TEST_44191,2
TEST_44192,2
TEST_44193,1
TEST_44194,1
TEST_44195,2
TEST_44196,2
TEST_44197,2
TEST_44198,2
TEST_44199,2
TEST_44200,2
TEST_44201,0
TEST_44202,2
TEST_44203,1
TEST_44204,2
TEST_44205,2
TEST_44206,2
TEST_44207,1
TEST_44208,2
TEST_44209,2
TEST_44210,2
TEST_44211,2
TEST_44212,2
TEST_44213,2
TEST_44214,2
TEST_44215,2
TEST_44216,2
TEST_44217,2
TEST_44218,1
TEST_44219,2
TEST_44220,0
TEST_44221,1
TEST_44222,2
TEST_44223,2
TEST_44224,2
TEST_44225,2
TEST_44226,0
TEST_44227,2
TEST_44228,2
TEST_44229,1
TEST_44230,2
TEST_44231,2
TEST_44232,2
TEST_44233,2
TEST_44234,2
TEST_44235,1
TEST_44236,2
TEST_44237,2
TEST_44238,1
TEST_44239,2
TEST_44240,2
TEST_44241,2
TEST_44242,2
TEST_44243,1
TEST_44244,2
TEST_44245,2
TEST_44246,1
TEST_44247,2
TEST_44248,2
TEST_44249,2
TEST_44250,1
TEST_44251,2
TEST_44252,2
TEST_44253,2
TEST_44254,2
TEST_44255,2
TEST_44256,2
TEST_44257,2
TEST_44258,2
TEST_44259,2
TEST_44260,2
TEST_44261,2
TEST_44262,1
TEST_44263,1
TEST_44264,2
TEST_44265,2
TEST_44266,2
TEST_44267,2
TEST_44268,2
TEST_44269,2
TEST_44270,2
TEST_44271,2
TEST_44272,2
TEST_44273,2
TEST_44274,2
TEST_44275,2
TEST_44276,2
TEST_44277,2
TEST_44278,2
TEST_44279,1
TEST_44280,2
TEST_44281,2
TEST_44282,2
TEST_44283,2
TEST_44284,2
TEST_44285,2
TEST_44286,2
TEST_44287,2
TEST_44288,2
TEST_44289,1
TEST_44290,1
TEST_44291,1
TEST_44292,2
TEST_44293,2
TEST_44294,2
TEST_44295,2
TEST_44296,2
TEST_44297,1
TEST_44298,2
TEST_44299,2
TEST_44300,0
TEST_44301,1
TEST_44302,2
TEST_44303,2
TEST_44304,1
TEST_44305,2
TEST_44306,2
TEST_44307,2
TEST_44308,2
TEST_44309,2
TEST_44310,1
TEST_44311,2
TEST_44312,2
TEST_44313,2
TEST_44314,2
TEST_44315,2
TEST_44316,2
TEST_44317,2
TEST_44318,2
TEST_44319,2
TEST_44320,2
TEST_44321,2
TEST_44322,2
TEST_44323,0
TEST_44324,1
TEST_44325,1
TEST_44326,2
TEST_44327,0
TEST_44328,2
TEST_44329,2
TEST_44330,0
TEST_44331,1
TEST_44332,1
TEST_44333,2
TEST_44334,2
TEST_44335,2
TEST_44336,1
TEST_44337,2
TEST_44338,2
TEST_44339,2
TEST_44340,2
TEST_44341,2
TEST_44342,0
TEST_44343,2
TEST_44344,1
TEST_44345,2
TEST_44346,2
TEST_44347,2
TEST_44348,2
TEST_44349,2
TEST_44350,2
TEST_44351,2
TEST_44352,2
TEST_44353,1
TEST_44354,2
TEST_44355,2
TEST_44356,2
TEST_44357,2
TEST_44358,2
TEST_44359,2
TEST_44360,2
TEST_44361,2
TEST_44362,2
TEST_44363,1
TEST_44364,2
TEST_44365,2
TEST_44366,2
TEST_44367,2
TEST_44368,2
TEST_44369,0
TEST_44370,2
TEST_44371,2
TEST_44372,2
TEST_44373,2
TEST_44374,2
TEST_44375,2
TEST_44376,2
TEST_44377,2
TEST_44378,0
TEST_44379,2
TEST_44380,2
TEST_44381,2
TEST_44382,1
TEST_44383,1
TEST_44384,2
TEST_44385,2
TEST_44386,2
TEST_44387,2
TEST_44388,2
TEST_44389,2
TEST_44390,2
TEST_44391,2
TEST_44392,2
TEST_44393,2
TEST_44394,2
TEST_44395,2
TEST_44396,2
TEST_44397,2
TEST_44398,2
TEST_44399,2
TEST_44400,2
TEST_44401,2
TEST_44402,2
TEST_44403,1
TEST_44404,2
TEST_44405,2
TEST_44406,1
TEST_44407,2
TEST_44408,1
TEST_44409,1
TEST_44410,1
TEST_44411,2
TEST_44412,2
TEST_44413,1
TEST_44414,1
TEST_44415,2
TEST_44416,0
TEST_44417,2
TEST_44418,0
TEST_44419,1
TEST_44420,2
TEST_44421,2
TEST_44422,2
TEST_44423,2
TEST_44424,1
TEST_44425,2
TEST_44426,2
TEST_44427,2
TEST_44428,2
TEST_44429,2
TEST_44430,2
TEST_44431,2
TEST_44432,2
TEST_44433,2
TEST_44434,2
TEST_44435,2
TEST_44436,2
TEST_44437,2
TEST_44438,2
TEST_44439,1
TEST_44440,2
TEST_44441,1
TEST_44442,2
TEST_44443,1
TEST_44444,1
TEST_44445,1
TEST_44446,2
TEST_44447,2
TEST_44448,2
TEST_44449,2
TEST_44450,2
TEST_44451,1
TEST_44452,1
TEST_44453,2
TEST_44454,2
TEST_44455,1
TEST_44456,1
TEST_44457,2
TEST_44458,2
TEST_44459,2
TEST_44460,1
TEST_44461,2
TEST_44462,1
TEST_44463,2
TEST_44464,1
TEST_44465,2
TEST_44466,2
TEST_44467,2
TEST_44468,2
TEST_44469,2
TEST_44470,2
TEST_44471,2
TEST_44472,2
TEST_44473,1
TEST_44474,2
TEST_44475,2
TEST_44476,2
TEST_44477,0
TEST_44478,2
TEST_44479,0
TEST_44480,2
TEST_44481,1
TEST_44482,1
TEST_44483,2
TEST_44484,1
TEST_44485,0
TEST_44486,2
TEST_44487,0
TEST_44488,2
TEST_44489,2
TEST_44490,2
TEST_44491,1
TEST_44492,1
TEST_44493,1
TEST_44494,1
TEST_44495,2
TEST_44496,2
TEST_44497,2
TEST_44498,2
TEST_44499,1
TEST_44500,1
TEST_44501,2
TEST_44502,2
TEST_44503,2
TEST_44504,2
TEST_44505,0
TEST_44506,2
TEST_44507,2
TEST_44508,2
TEST_44509,2
TEST_44510,2
TEST_44511,2
TEST_44512,1
TEST_44513,2
TEST_44514,2
TEST_44515,2
TEST_44516,1
TEST_44517,2
TEST_44518,2
TEST_44519,2
TEST_44520,2
TEST_44521,0
TEST_44522,2
TEST_44523,2
TEST_44524,2
TEST_44525,2
TEST_44526,2
TEST_44527,2
TEST_44528,2
TEST_44529,2
TEST_44530,2
TEST_44531,2
TEST_44532,2
TEST_44533,1
TEST_44534,2
TEST_44535,2
TEST_44536,2
TEST_44537,2
TEST_44538,2
TEST_44539,2
TEST_44540,2
TEST_44541,1
TEST_44542,1
TEST_44543,2
TEST_44544,2
TEST_44545,1
TEST_44546,2
TEST_44547,2
TEST_44548,2
TEST_44549,2
TEST_44550,2
TEST_44551,2
TEST_44552,1
TEST_44553,2
TEST_44554,2
TEST_44555,0
TEST_44556,2
TEST_44557,2
TEST_44558,2
TEST_44559,2
TEST_44560,2
TEST_44561,2
TEST_44562,2
TEST_44563,2
TEST_44564,2
TEST_44565,0
TEST_44566,1
TEST_44567,2
TEST_44568,2
TEST_44569,2
TEST_44570,2
TEST_44571,2
TEST_44572,2
TEST_44573,2
TEST_44574,2
TEST_44575,2
TEST_44576,2
TEST_44577,2
TEST_44578,1
TEST_44579,1
TEST_44580,1
TEST_44581,2
TEST_44582,2
TEST_44583,1
TEST_44584,1
TEST_44585,1
TEST_44586,2
TEST_44587,2
TEST_44588,2
TEST_44589,2
TEST_44590,2
TEST_44591,1
TEST_44592,2
TEST_44593,2
TEST_44594,1
TEST_44595,2
TEST_44596,2
TEST_44597,2
TEST_44598,2
TEST_44599,0
TEST_44600,1
TEST_44601,2
TEST_44602,2
TEST_44603,2
TEST_44604,2
TEST_44605,0
TEST_44606,2
TEST_44607,2
TEST_44608,2
TEST_44609,2
TEST_44610,2
TEST_44611,2
TEST_44612,2
TEST_44613,1
TEST_44614,2
TEST_44615,2
TEST_44616,2
TEST_44617,2
TEST_44618,0
TEST_44619,1
TEST_44620,2
TEST_44621,2
TEST_44622,1
TEST_44623,1
TEST_44624,2
TEST_44625,2
TEST_44626,2
TEST_44627,2
TEST_44628,2
TEST_44629,1
TEST_44630,2
TEST_44631,1
TEST_44632,1
TEST_44633,2
TEST_44634,2
TEST_44635,2
TEST_44636,0
TEST_44637,2
TEST_44638,2
TEST_44639,2
TEST_44640,0
TEST_44641,2
TEST_44642,2
TEST_44643,2
TEST_44644,1
TEST_44645,2
TEST_44646,2
TEST_44647,2
TEST_44648,1
TEST_44649,2
TEST_44650,1
TEST_44651,2
TEST_44652,0
TEST_44653,2
TEST_44654,2
TEST_44655,0
TEST_44656,2
TEST_44657,1
TEST_44658,1
TEST_44659,2
TEST_44660,2
TEST_44661,0
TEST_44662,0
TEST_44663,1
TEST_44664,1
TEST_44665,2
TEST_44666,2
TEST_44667,1
TEST_44668,1
TEST_44669,2
TEST_44670,2
TEST_44671,2
TEST_44672,2
TEST_44673,2
TEST_44674,2
TEST_44675,2
TEST_44676,2
TEST_44677,2
TEST_44678,2
TEST_44679,2
TEST_44680,2
TEST_44681,1
TEST_44682,2
TEST_44683,2
TEST_44684,0
TEST_44685,1
TEST_44686,2
TEST_44687,2
TEST_44688,2
TEST_44689,2
TEST_44690,2
TEST_44691,1
TEST_44692,0
TEST_44693,2
TEST_44694,2
TEST_44695,2
TEST_44696,1
TEST_44697,2
TEST_44698,2
TEST_44699,2
TEST_44700,2
TEST_44701,2
TEST_44702,2
TEST_44703,2
TEST_44704,2
TEST_44705,2
TEST_44706,2
TEST_44707,2
TEST_44708,2
TEST_44709,2
TEST_44710,2
TEST_44711,0
TEST_44712,2
TEST_44713,2
TEST_44714,2
TEST_44715,2
TEST_44716,2
TEST_44717,2
TEST_44718,2
TEST_44719,1
TEST_44720,2
TEST_44721,1
TEST_44722,2
TEST_44723,2
TEST_44724,2
TEST_44725,2
TEST_44726,2
TEST_44727,1
TEST_44728,2
TEST_44729,2
TEST_44730,2
TEST_44731,1
TEST_44732,2
TEST_44733,2
TEST_44734,2
TEST_44735,2
TEST_44736,2
TEST_44737,2
TEST_44738,2
TEST_44739,1
TEST_44740,1
TEST_44741,2
TEST_44742,2
TEST_44743,1
TEST_44744,0
TEST_44745,2
TEST_44746,2
TEST_44747,1
TEST_44748,2
TEST_44749,1
TEST_44750,2
TEST_44751,2
TEST_44752,2
TEST_44753,1
TEST_44754,2
TEST_44755,2
TEST_44756,1
TEST_44757,1
TEST_44758,1
TEST_44759,0
TEST_44760,2
TEST_44761,2
TEST_44762,1
TEST_44763,1
TEST_44764,2
TEST_44765,2
TEST_44766,2
TEST_44767,1
TEST_44768,2
TEST_44769,2
TEST_44770,2
TEST_44771,2
TEST_44772,1
TEST_44773,2
TEST_44774,2
TEST_44775,2
TEST_44776,1
TEST_44777,2
TEST_44778,2
TEST_44779,2
TEST_44780,1
TEST_44781,1
TEST_44782,2
TEST_44783,2
TEST_44784,1
TEST_44785,2
TEST_44786,2
TEST_44787,2
TEST_44788,2
TEST_44789,1
TEST_44790,2
TEST_44791,1
TEST_44792,0
TEST_44793,2
TEST_44794,0
TEST_44795,2
TEST_44796,2
TEST_44797,2
TEST_44798,2
TEST_44799,2
TEST_44800,2
TEST_44801,2
TEST_44802,2
TEST_44803,1
TEST_44804,2
TEST_44805,2
TEST_44806,2
TEST_44807,1
TEST_44808,2
TEST_44809,2
TEST_44810,2
TEST_44811,1
TEST_44812,2
TEST_44813,1
TEST_44814,2
TEST_44815,1
TEST_44816,0
TEST_44817,2
TEST_44818,2
TEST_44819,1
TEST_44820,1
TEST_44821,2
TEST_44822,2
TEST_44823,2
TEST_44824,1
TEST_44825,2
TEST_44826,0
TEST_44827,0
TEST_44828,2
TEST_44829,2
TEST_44830,2
TEST_44831,2
TEST_44832,2
TEST_44833,2
TEST_44834,2
TEST_44835,2
TEST_44836,1
TEST_44837,2
TEST_44838,0
TEST_44839,1
TEST_44840,2
TEST_44841,1
TEST_44842,2
TEST_44843,2
TEST_44844,0
TEST_44845,2
TEST_44846,2
TEST_44847,1
TEST_44848,2
TEST_44849,2
TEST_44850,2
TEST_44851,2
TEST_44852,2
TEST_44853,1
TEST_44854,2
TEST_44855,2
TEST_44856,2
TEST_44857,2
TEST_44858,2
TEST_44859,2
TEST_44860,1
TEST_44861,2
TEST_44862,1
TEST_44863,2
TEST_44864,0
TEST_44865,2
TEST_44866,2
TEST_44867,2
TEST_44868,2
TEST_44869,2
TEST_44870,2
TEST_44871,2
TEST_44872,2
TEST_44873,2
TEST_44874,2
TEST_44875,2
TEST_44876,2
TEST_44877,2
TEST_44878,2
TEST_44879,2
TEST_44880,1
TEST_44881,2
TEST_44882,2
TEST_44883,2
TEST_44884,2
TEST_44885,2
TEST_44886,1
TEST_44887,2
TEST_44888,2
TEST_44889,2
TEST_44890,2
TEST_44891,2
TEST_44892,0
TEST_44893,2
TEST_44894,2
TEST_44895,2
TEST_44896,2
TEST_44897,2
TEST_44898,2
TEST_44899,2
TEST_44900,0
TEST_44901,1
TEST_44902,2
TEST_44903,2
TEST_44904,2
TEST_44905,2
TEST_44906,1
TEST_44907,2
TEST_44908,2
TEST_44909,2
TEST_44910,2
TEST_44911,2
TEST_44912,2
TEST_44913,2
TEST_44914,2
TEST_44915,2
TEST_44916,2
TEST_44917,2
TEST_44918,1
TEST_44919,2
TEST_44920,2
TEST_44921,2
TEST_44922,2
TEST_44923,2
TEST_44924,1
TEST_44925,2
TEST_44926,1
TEST_44927,2
TEST_44928,2
TEST_44929,2
TEST_44930,2
TEST_44931,2
TEST_44932,2
TEST_44933,2
TEST_44934,1
TEST_44935,2
TEST_44936,2
TEST_44937,2
TEST_44938,1
TEST_44939,2
TEST_44940,2
TEST_44941,2
TEST_44942,2
TEST_44943,2
TEST_44944,2
TEST_44945,2
TEST_44946,1
TEST_44947,1
TEST_44948,1
TEST_44949,2
TEST_44950,2
TEST_44951,2
TEST_44952,1
TEST_44953,2
TEST_44954,2
TEST_44955,2
TEST_44956,2
TEST_44957,0
TEST_44958,2
TEST_44959,2
TEST_44960,2
TEST_44961,0
TEST_44962,2
TEST_44963,2
TEST_44964,2
TEST_44965,2
TEST_44966,2
TEST_44967,2
TEST_44968,2
TEST_44969,2
TEST_44970,2
TEST_44971,2
TEST_44972,2
TEST_44973,2
TEST_44974,2
TEST_44975,2
TEST_44976,2
TEST_44977,1
TEST_44978,2
TEST_44979,0
TEST_44980,2
TEST_44981,1
TEST_44982,2
TEST_44983,2
TEST_44984,2
TEST_44985,2
TEST_44986,2
TEST_44987,1
TEST_44988,1
TEST_44989,2
TEST_44990,2
TEST_44991,2
TEST_44992,2
TEST_44993,2
TEST_44994,2
TEST_44995,2
TEST_44996,2
TEST_44997,0
TEST_44998,1
TEST_44999,2
TEST_45000,2
TEST_45001,2
TEST_45002,1
TEST_45003,0
TEST_45004,0
TEST_45005,2
TEST_45006,1
TEST_45007,2
TEST_45008,1
TEST_45009,2
TEST_45010,2
TEST_45011,2
TEST_45012,1
TEST_45013,1
TEST_45014,1
TEST_45015,2
TEST_45016,2
TEST_45017,2
TEST_45018,2
TEST_45019,2
TEST_45020,2
TEST_45021,1
TEST_45022,1
TEST_45023,2
TEST_45024,2
TEST_45025,2
TEST_45026,2
TEST_45027,0
TEST_45028,2
TEST_45029,2
TEST_45030,2
TEST_45031,2
TEST_45032,1
TEST_45033,2
TEST_45034,2
TEST_45035,0
TEST_45036,2
TEST_45037,2
TEST_45038,0
TEST_45039,2
TEST_45040,2
TEST_45041,1
TEST_45042,1
TEST_45043,2
TEST_45044,2
TEST_45045,2
TEST_45046,2
TEST_45047,2
TEST_45048,2
TEST_45049,2
TEST_45050,2
TEST_45051,0
TEST_45052,2
TEST_45053,2
TEST_45054,1
TEST_45055,2
TEST_45056,2
TEST_45057,2
TEST_45058,1
TEST_45059,0
TEST_45060,1
TEST_45061,2
TEST_45062,2
TEST_45063,2
TEST_45064,2
TEST_45065,2
TEST_45066,2
TEST_45067,2
TEST_45068,1
TEST_45069,2
TEST_45070,1
TEST_45071,1
TEST_45072,2
TEST_45073,0
TEST_45074,2
TEST_45075,1
TEST_45076,2
TEST_45077,2
TEST_45078,2
TEST_45079,2
TEST_45080,2
TEST_45081,2
TEST_45082,2
TEST_45083,1
TEST_45084,2
TEST_45085,1
TEST_45086,2
TEST_45087,1
TEST_45088,2
TEST_45089,2
TEST_45090,1
TEST_45091,2
TEST_45092,1
TEST_45093,2
TEST_45094,2
TEST_45095,1
TEST_45096,2
TEST_45097,1
TEST_45098,2
TEST_45099,0
TEST_45100,2
TEST_45101,2
TEST_45102,2
TEST_45103,2
TEST_45104,1
TEST_45105,2
TEST_45106,2
TEST_45107,1
TEST_45108,1
TEST_45109,2
TEST_45110,2
TEST_45111,0
TEST_45112,2
TEST_45113,2
TEST_45114,2
TEST_45115,2
TEST_45116,2
TEST_45117,1
TEST_45118,2
TEST_45119,0
TEST_45120,1
TEST_45121,2
TEST_45122,1
TEST_45123,2
TEST_45124,2
TEST_45125,2
TEST_45126,1
TEST_45127,2
TEST_45128,2
TEST_45129,2
TEST_45130,2
TEST_45131,2
TEST_45132,2
TEST_45133,2
TEST_45134,2
TEST_45135,1
TEST_45136,2
TEST_45137,2
TEST_45138,1
TEST_45139,2
TEST_45140,2
TEST_45141,2
TEST_45142,2
TEST_45143,2
TEST_45144,2
TEST_45145,2
TEST_45146,2
TEST_45147,0
TEST_45148,2
TEST_45149,2
TEST_45150,1
TEST_45151,1
TEST_45152,2
TEST_45153,2
TEST_45154,2
TEST_45155,1
TEST_45156,2
TEST_45157,1
TEST_45158,1
TEST_45159,1
TEST_45160,2
TEST_45161,2
TEST_45162,2
TEST_45163,2
TEST_45164,1
TEST_45165,2
TEST_45166,2
TEST_45167,0
TEST_45168,2
TEST_45169,2
TEST_45170,2
TEST_45171,1
TEST_45172,1
TEST_45173,1
TEST_45174,0
TEST_45175,2
TEST_45176,2
TEST_45177,2
TEST_45178,2
TEST_45179,2
TEST_45180,2
TEST_45181,2
TEST_45182,0
TEST_45183,2
TEST_45184,2
TEST_45185,0
TEST_45186,0
TEST_45187,2
TEST_45188,2
TEST_45189,0
TEST_45190,2
TEST_45191,0
TEST_45192,2
TEST_45193,2
TEST_45194,2
TEST_45195,2
TEST_45196,2
TEST_45197,2
TEST_45198,0
TEST_45199,2
TEST_45200,2
TEST_45201,2
TEST_45202,2
TEST_45203,2
TEST_45204,2
TEST_45205,2
TEST_45206,2
TEST_45207,2
TEST_45208,2
TEST_45209,2
TEST_45210,2
TEST_45211,2
TEST_45212,2
TEST_45213,2
TEST_45214,2
TEST_45215,1
TEST_45216,2
TEST_45217,2
TEST_45218,1
TEST_45219,1
TEST_45220,2
TEST_45221,2
TEST_45222,2
TEST_45223,2
TEST_45224,2
TEST_45225,2
TEST_45226,1
TEST_45227,2
TEST_45228,2
TEST_45229,2
TEST_45230,1
TEST_45231,2
TEST_45232,2
TEST_45233,2
TEST_45234,1
TEST_45235,2
TEST_45236,2
TEST_45237,2
TEST_45238,0
TEST_45239,2
TEST_45240,1
TEST_45241,2
TEST_45242,0
TEST_45243,2
TEST_45244,2
TEST_45245,2
TEST_45246,2
TEST_45247,2
TEST_45248,2
TEST_45249,2
TEST_45250,2
TEST_45251,2
TEST_45252,0
TEST_45253,2
TEST_45254,2
TEST_45255,2
TEST_45256,1
TEST_45257,2
TEST_45258,2
TEST_45259,2
TEST_45260,2
TEST_45261,0
TEST_45262,2
TEST_45263,1
TEST_45264,2
TEST_45265,2
TEST_45266,1
TEST_45267,1
TEST_45268,2
TEST_45269,2
TEST_45270,0
TEST_45271,2
TEST_45272,2
TEST_45273,1
TEST_45274,1
TEST_45275,2
TEST_45276,2
TEST_45277,2
TEST_45278,2
TEST_45279,2
TEST_45280,2
TEST_45281,2
TEST_45282,1
TEST_45283,2
TEST_45284,2
TEST_45285,2
TEST_45286,2
TEST_45287,2
TEST_45288,1
TEST_45289,2
TEST_45290,1
TEST_45291,2
TEST_45292,1
TEST_45293,2
TEST_45294,2
TEST_45295,2
TEST_45296,1
TEST_45297,2
TEST_45298,1
TEST_45299,2
TEST_45300,2
TEST_45301,2
TEST_45302,2
TEST_45303,1
TEST_45304,2
TEST_45305,2
TEST_45306,2
TEST_45307,2
TEST_45308,2
TEST_45309,1
TEST_45310,2
TEST_45311,0
TEST_45312,2
TEST_45313,2
TEST_45314,2
TEST_45315,2
TEST_45316,2
TEST_45317,2
TEST_45318,2
TEST_45319,2
TEST_45320,2
TEST_45321,2
TEST_45322,2
TEST_45323,2
TEST_45324,1
TEST_45325,2
TEST_45326,1
TEST_45327,1
TEST_45328,1
TEST_45329,2
TEST_45330,2
TEST_45331,1
TEST_45332,2
TEST_45333,1
TEST_45334,1
TEST_45335,2
TEST_45336,2
TEST_45337,2
TEST_45338,2
TEST_45339,1
TEST_45340,2
TEST_45341,1
TEST_45342,2
TEST_45343,2
TEST_45344,2
TEST_45345,2
TEST_45346,2
TEST_45347,2
TEST_45348,2
TEST_45349,2
TEST_45350,1
TEST_45351,2
TEST_45352,1
TEST_45353,2
TEST_45354,2
TEST_45355,2
TEST_45356,0
TEST_45357,2
TEST_45358,2
TEST_45359,2
TEST_45360,2
TEST_45361,2
TEST_45362,2
TEST_45363,1
TEST_45364,2
TEST_45365,2
TEST_45366,1
TEST_45367,2
TEST_45368,2
TEST_45369,2
TEST_45370,2
TEST_45371,1
TEST_45372,2
TEST_45373,2
TEST_45374,2
TEST_45375,2
TEST_45376,2
TEST_45377,0
TEST_45378,1
TEST_45379,2
TEST_45380,2
TEST_45381,2
TEST_45382,2
TEST_45383,2
TEST_45384,1
TEST_45385,2
TEST_45386,0
TEST_45387,1
TEST_45388,1
TEST_45389,2
TEST_45390,2
TEST_45391,2
TEST_45392,2
TEST_45393,2
TEST_45394,2
TEST_45395,2
TEST_45396,2
TEST_45397,2
TEST_45398,1
TEST_45399,2
TEST_45400,2
TEST_45401,2
TEST_45402,1
TEST_45403,2
TEST_45404,2
TEST_45405,2
TEST_45406,2
TEST_45407,2
TEST_45408,2
TEST_45409,1
TEST_45410,2
TEST_45411,2
TEST_45412,2
TEST_45413,2
TEST_45414,2
TEST_45415,2
TEST_45416,1
TEST_45417,2
TEST_45418,2
TEST_45419,1
TEST_45420,2
TEST_45421,1
TEST_45422,2
TEST_45423,2
TEST_45424,2
TEST_45425,2
TEST_45426,1
TEST_45427,2
TEST_45428,2
TEST_45429,1
TEST_45430,2
TEST_45431,2
TEST_45432,2
TEST_45433,2
TEST_45434,2
TEST_45435,2
TEST_45436,2
TEST_45437,2
TEST_45438,2
TEST_45439,2
TEST_45440,2
TEST_45441,2
TEST_45442,2
TEST_45443,2
TEST_45444,1
TEST_45445,2
TEST_45446,2
TEST_45447,2
TEST_45448,0
TEST_45449,0
TEST_45450,2
TEST_45451,2
TEST_45452,2
TEST_45453,2
TEST_45454,2
TEST_45455,1
TEST_45456,2
TEST_45457,2
TEST_45458,2
TEST_45459,1
TEST_45460,2
TEST_45461,2
TEST_45462,2
TEST_45463,1
TEST_45464,2
TEST_45465,1
TEST_45466,2
TEST_45467,2
TEST_45468,2
TEST_45469,1
TEST_45470,2
TEST_45471,2
TEST_45472,2
TEST_45473,2
TEST_45474,2
TEST_45475,2
TEST_45476,2
TEST_45477,2
TEST_45478,2
TEST_45479,0
TEST_45480,2
TEST_45481,2
TEST_45482,2
TEST_45483,2
TEST_45484,2
TEST_45485,2
TEST_45486,2
TEST_45487,2
TEST_45488,2
TEST_45489,2
TEST_45490,1
TEST_45491,0
TEST_45492,0
TEST_45493,2
TEST_45494,2
TEST_45495,2
TEST_45496,0
TEST_45497,0
TEST_45498,1
TEST_45499,2
TEST_45500,2
TEST_45501,2
TEST_45502,2
TEST_45503,2
TEST_45504,2
TEST_45505,2
TEST_45506,2
TEST_45507,1
TEST_45508,1
TEST_45509,1
TEST_45510,2
TEST_45511,2
TEST_45512,2
TEST_45513,2
TEST_45514,2
TEST_45515,2
TEST_45516,2
TEST_45517,2
TEST_45518,2
TEST_45519,2
TEST_45520,2
TEST_45521,1
TEST_45522,2
TEST_45523,2
TEST_45524,2
TEST_45525,1
TEST_45526,2
TEST_45527,2
TEST_45528,2
TEST_45529,2
TEST_45530,2
TEST_45531,1
TEST_45532,2
TEST_45533,2
TEST_45534,2
TEST_45535,2
TEST_45536,1
TEST_45537,1
TEST_45538,2
TEST_45539,2
TEST_45540,2
TEST_45541,2
TEST_45542,1
TEST_45543,2
TEST_45544,1
TEST_45545,2
TEST_45546,2
TEST_45547,2
TEST_45548,1
TEST_45549,2
TEST_45550,2
TEST_45551,1
TEST_45552,2
TEST_45553,1
TEST_45554,2
TEST_45555,2
TEST_45556,0
TEST_45557,1
TEST_45558,2
TEST_45559,2
TEST_45560,2
TEST_45561,2
TEST_45562,2
TEST_45563,2
TEST_45564,2
TEST_45565,2
TEST_45566,1
TEST_45567,2
TEST_45568,2
TEST_45569,2
TEST_45570,2
TEST_45571,2
TEST_45572,0
TEST_45573,2
TEST_45574,2
TEST_45575,2
TEST_45576,0
TEST_45577,2
TEST_45578,2
TEST_45579,2
TEST_45580,1
TEST_45581,1
TEST_45582,2
TEST_45583,2
TEST_45584,2
TEST_45585,2
TEST_45586,2
TEST_45587,2
TEST_45588,1
TEST_45589,2
TEST_45590,2
TEST_45591,2
TEST_45592,2
TEST_45593,2
TEST_45594,1
TEST_45595,2
TEST_45596,2
TEST_45597,2
TEST_45598,2
TEST_45599,2
TEST_45600,2
TEST_45601,2
TEST_45602,2
TEST_45603,1
TEST_45604,2
TEST_45605,2
TEST_45606,2
TEST_45607,2
TEST_45608,2
TEST_45609,1
TEST_45610,2
TEST_45611,2
TEST_45612,1
TEST_45613,0
TEST_45614,2
TEST_45615,0
TEST_45616,1
TEST_45617,2
TEST_45618,2
TEST_45619,2
TEST_45620,1
TEST_45621,2
TEST_45622,2
TEST_45623,2
TEST_45624,2
TEST_45625,2
TEST_45626,2
TEST_45627,2
TEST_45628,2
TEST_45629,1
TEST_45630,2
TEST_45631,2
TEST_45632,2
TEST_45633,1
TEST_45634,2
TEST_45635,2
TEST_45636,2
TEST_45637,2
TEST_45638,2
TEST_45639,2
TEST_45640,2
TEST_45641,2
TEST_45642,2
TEST_45643,1
TEST_45644,2
TEST_45645,2
TEST_45646,2
TEST_45647,2
TEST_45648,2
TEST_45649,2
TEST_45650,1
TEST_45651,2
TEST_45652,2
TEST_45653,2
TEST_45654,1
TEST_45655,2
TEST_45656,2
TEST_45657,2
TEST_45658,2
TEST_45659,2
TEST_45660,2
TEST_45661,2
TEST_45662,0
TEST_45663,2
TEST_45664,0
TEST_45665,0
TEST_45666,2
TEST_45667,2
TEST_45668,2
TEST_45669,1
TEST_45670,2
TEST_45671,1
TEST_45672,2
TEST_45673,2
TEST_45674,2
TEST_45675,2
TEST_45676,2
TEST_45677,2
TEST_45678,2
TEST_45679,2
TEST_45680,2
TEST_45681,1
TEST_45682,1
TEST_45683,2
TEST_45684,2
TEST_45685,2
TEST_45686,2
TEST_45687,2
TEST_45688,2
TEST_45689,2
TEST_45690,1
TEST_45691,2
TEST_45692,2
TEST_45693,2
TEST_45694,1
TEST_45695,1
TEST_45696,2
TEST_45697,1
TEST_45698,1
TEST_45699,2
TEST_45700,2
TEST_45701,2
TEST_45702,2
TEST_45703,2
TEST_45704,2
TEST_45705,2
TEST_45706,2
TEST_45707,2
TEST_45708,2
TEST_45709,2
TEST_45710,2
TEST_45711,2
TEST_45712,2
TEST_45713,2
TEST_45714,2
TEST_45715,1
TEST_45716,2
TEST_45717,2
TEST_45718,2
TEST_45719,2
TEST_45720,2
TEST_45721,2
TEST_45722,2
TEST_45723,2
TEST_45724,2
TEST_45725,1
TEST_45726,2
TEST_45727,2
TEST_45728,2
TEST_45729,2
TEST_45730,1
TEST_45731,2
TEST_45732,2
TEST_45733,2
TEST_45734,2
TEST_45735,2
TEST_45736,2
TEST_45737,1
TEST_45738,1
TEST_45739,2
TEST_45740,2
TEST_45741,0
TEST_45742,2
TEST_45743,2
TEST_45744,2
TEST_45745,2
TEST_45746,1
TEST_45747,2
TEST_45748,0
TEST_45749,0
TEST_45750,2
TEST_45751,2
TEST_45752,2
TEST_45753,1
TEST_45754,1
TEST_45755,2
TEST_45756,2
TEST_45757,1
TEST_45758,2
TEST_45759,2
TEST_45760,2
TEST_45761,2
TEST_45762,2
TEST_45763,2
TEST_45764,2
TEST_45765,2
TEST_45766,1
TEST_45767,2
TEST_45768,0
TEST_45769,2
TEST_45770,0
TEST_45771,2
TEST_45772,2
TEST_45773,1
TEST_45774,1
TEST_45775,2
TEST_45776,2
TEST_45777,0
TEST_45778,2
TEST_45779,2
TEST_45780,2
TEST_45781,2
TEST_45782,1
TEST_45783,1
TEST_45784,2
TEST_45785,2
TEST_45786,1
TEST_45787,2
TEST_45788,1
TEST_45789,2
TEST_45790,1
TEST_45791,2
TEST_45792,1
TEST_45793,1
TEST_45794,2
TEST_45795,2
TEST_45796,2
TEST_45797,2
TEST_45798,1
TEST_45799,2
TEST_45800,2
TEST_45801,1
TEST_45802,2
TEST_45803,1
TEST_45804,2
TEST_45805,1
TEST_45806,2
TEST_45807,2
TEST_45808,0
TEST_45809,2
TEST_45810,2
TEST_45811,0
TEST_45812,1
TEST_45813,2
TEST_45814,0
TEST_45815,2
TEST_45816,2
TEST_45817,2
TEST_45818,2
TEST_45819,0
TEST_45820,2
TEST_45821,1
TEST_45822,2
TEST_45823,1
TEST_45824,1
TEST_45825,2
TEST_45826,2
TEST_45827,2
TEST_45828,2
TEST_45829,2
TEST_45830,2
TEST_45831,0
TEST_45832,2
TEST_45833,2
TEST_45834,2
TEST_45835,0
TEST_45836,2
TEST_45837,2
TEST_45838,2
TEST_45839,2
TEST_45840,2
TEST_45841,1
TEST_45842,1
TEST_45843,2
TEST_45844,0
TEST_45845,2
TEST_45846,2
TEST_45847,2
TEST_45848,2
TEST_45849,2
TEST_45850,0
TEST_45851,2
TEST_45852,2
TEST_45853,2
TEST_45854,2
TEST_45855,2
TEST_45856,2
TEST_45857,2
TEST_45858,1
TEST_45859,1
TEST_45860,1
TEST_45861,2
TEST_45862,2
TEST_45863,2
TEST_45864,2
TEST_45865,2
TEST_45866,2
TEST_45867,2
TEST_45868,2
TEST_45869,2
TEST_45870,2
TEST_45871,2
TEST_45872,2
TEST_45873,1
TEST_45874,2
TEST_45875,2
TEST_45876,2
TEST_45877,1
TEST_45878,2
TEST_45879,2
TEST_45880,1
TEST_45881,1
TEST_45882,2
TEST_45883,0
TEST_45884,2
TEST_45885,2
TEST_45886,2
TEST_45887,0
TEST_45888,2
TEST_45889,2
TEST_45890,2
TEST_45891,2
TEST_45892,2
TEST_45893,1
TEST_45894,2
TEST_45895,2
TEST_45896,2
TEST_45897,2
TEST_45898,2
TEST_45899,2
TEST_45900,2
TEST_45901,2
TEST_45902,2
TEST_45903,2
TEST_45904,2
TEST_45905,1
TEST_45906,1
TEST_45907,2
TEST_45908,2
TEST_45909,1
TEST_45910,1
TEST_45911,2
TEST_45912,0
TEST_45913,2
TEST_45914,2
TEST_45915,2
TEST_45916,2
TEST_45917,1
TEST_45918,2
TEST_45919,2
TEST_45920,2
TEST_45921,2
TEST_45922,1
TEST_45923,2
TEST_45924,2
TEST_45925,2
TEST_45926,2
TEST_45927,2
TEST_45928,2
TEST_45929,2
TEST_45930,2
TEST_45931,2
TEST_45932,2
TEST_45933,2
TEST_45934,0
TEST_45935,1
TEST_45936,1
TEST_45937,1
TEST_45938,1
TEST_45939,2
TEST_45940,2
TEST_45941,2
TEST_45942,2
TEST_45943,2
TEST_45944,2
TEST_45945,1
TEST_45946,2
TEST_45947,2
TEST_45948,2
TEST_45949,2
TEST_45950,2
TEST_45951,2
TEST_45952,2
TEST_45953,2
TEST_45954,1
TEST_45955,2
TEST_45956,0
TEST_45957,2
TEST_45958,2
TEST_45959,2
TEST_45960,1
TEST_45961,2
TEST_45962,2
TEST_45963,2
TEST_45964,2
TEST_45965,2
TEST_45966,2
TEST_45967,2
TEST_45968,2
TEST_45969,2
TEST_45970,2
TEST_45971,2
TEST_45972,2
TEST_45973,2
TEST_45974,2
TEST_45975,2
TEST_45976,1
TEST_45977,2
TEST_45978,2
TEST_45979,2
TEST_45980,2
TEST_45981,2
TEST_45982,2
TEST_45983,2
TEST_45984,2
TEST_45985,2
TEST_45986,2
TEST_45987,2
TEST_45988,1
TEST_45989,2
TEST_45990,2
TEST_45991,2
TEST_45992,0
TEST_45993,1
TEST_45994,2
TEST_45995,2
TEST_45996,2
TEST_45997,2
TEST_45998,1
TEST_45999,2
TEST_46000,1
TEST_46001,2
TEST_46002,1
TEST_46003,2
TEST_46004,2
TEST_46005,2
TEST_46006,2
TEST_46007,1
TEST_46008,2
TEST_46009,0
TEST_46010,1
TEST_46011,2
TEST_46012,2
TEST_46013,1
TEST_46014,1
TEST_46015,2
TEST_46016,2
TEST_46017,2
TEST_46018,2
TEST_46019,2
TEST_46020,2
TEST_46021,1
TEST_46022,0
TEST_46023,2
TEST_46024,2
TEST_46025,2
TEST_46026,1
TEST_46027,1
TEST_46028,2
TEST_46029,2
TEST_46030,0
TEST_46031,2
TEST_46032,2
TEST_46033,2
TEST_46034,2
TEST_46035,2
TEST_46036,2
TEST_46037,2
TEST_46038,2
TEST_46039,2
TEST_46040,2
TEST_46041,2
TEST_46042,2
TEST_46043,2
TEST_46044,2
TEST_46045,2
TEST_46046,2
TEST_46047,1
TEST_46048,2
TEST_46049,2
TEST_46050,2
TEST_46051,2
TEST_46052,2
TEST_46053,2
TEST_46054,2
TEST_46055,2
TEST_46056,1
TEST_46057,1
TEST_46058,2
TEST_46059,2
TEST_46060,2
TEST_46061,2
TEST_46062,1
TEST_46063,1
TEST_46064,1
TEST_46065,2
TEST_46066,2
TEST_46067,2
TEST_46068,2
TEST_46069,2
TEST_46070,1
TEST_46071,2
TEST_46072,1
TEST_46073,2
TEST_46074,2
TEST_46075,2
TEST_46076,2
TEST_46077,2
TEST_46078,2
TEST_46079,2
TEST_46080,2
TEST_46081,0
TEST_46082,2
TEST_46083,2
TEST_46084,2
TEST_46085,2
TEST_46086,2
TEST_46087,2
TEST_46088,2
TEST_46089,2
TEST_46090,2
TEST_46091,2
TEST_46092,2
TEST_46093,2
TEST_46094,2
TEST_46095,1
TEST_46096,1
TEST_46097,1
TEST_46098,1
TEST_46099,2
TEST_46100,1
TEST_46101,2
TEST_46102,2
TEST_46103,2
TEST_46104,2
TEST_46105,2
TEST_46106,2
TEST_46107,2
TEST_46108,2
TEST_46109,2
TEST_46110,2
TEST_46111,2
TEST_46112,2
TEST_46113,2
TEST_46114,2
TEST_46115,2
TEST_46116,2
TEST_46117,1
TEST_46118,2
TEST_46119,1
TEST_46120,1
TEST_46121,2
TEST_46122,2
TEST_46123,2
TEST_46124,2
TEST_46125,2
TEST_46126,1
TEST_46127,1
TEST_46128,2
TEST_46129,2
TEST_46130,2
TEST_46131,2
TEST_46132,2
TEST_46133,1
TEST_46134,2
TEST_46135,2
TEST_46136,2
TEST_46137,2
TEST_46138,2
TEST_46139,0
TEST_46140,2
TEST_46141,1
TEST_46142,2
TEST_46143,2
TEST_46144,0
TEST_46145,2
TEST_46146,1
TEST_46147,1
TEST_46148,2
TEST_46149,0
TEST_46150,2
TEST_46151,2
TEST_46152,2
TEST_46153,2
TEST_46154,2
TEST_46155,2
TEST_46156,1
TEST_46157,2
TEST_46158,2
TEST_46159,2
TEST_46160,2
TEST_46161,0
TEST_46162,1
TEST_46163,2
TEST_46164,2
TEST_46165,1
TEST_46166,2
TEST_46167,2
TEST_46168,2
TEST_46169,2
TEST_46170,0
TEST_46171,2
TEST_46172,2
TEST_46173,2
TEST_46174,1
TEST_46175,2
TEST_46176,0
TEST_46177,2
TEST_46178,1
TEST_46179,0
TEST_46180,2
TEST_46181,1
TEST_46182,2
TEST_46183,1
TEST_46184,1
TEST_46185,2
TEST_46186,2
TEST_46187,2
TEST_46188,2
TEST_46189,0
TEST_46190,2
TEST_46191,2
TEST_46192,2
TEST_46193,2
TEST_46194,1
TEST_46195,2
TEST_46196,1
TEST_46197,2
TEST_46198,2
TEST_46199,2
TEST_46200,2
TEST_46201,2
TEST_46202,2
TEST_46203,1
TEST_46204,2
TEST_46205,1
TEST_46206,2
TEST_46207,1
TEST_46208,2
TEST_46209,2
TEST_46210,0
TEST_46211,1
TEST_46212,2
TEST_46213,2
TEST_46214,2
TEST_46215,2
TEST_46216,2
TEST_46217,1
TEST_46218,2
TEST_46219,2
TEST_46220,1
TEST_46221,2
TEST_46222,2
TEST_46223,2
TEST_46224,2
TEST_46225,2
TEST_46226,2
TEST_46227,2
TEST_46228,2
TEST_46229,2
TEST_46230,1
TEST_46231,1
TEST_46232,1
TEST_46233,1
TEST_46234,2
TEST_46235,2
TEST_46236,2
TEST_46237,2
TEST_46238,2
TEST_46239,2
TEST_46240,1
TEST_46241,2
TEST_46242,2
TEST_46243,0
TEST_46244,2
TEST_46245,2
TEST_46246,0
TEST_46247,2
TEST_46248,2
TEST_46249,2
TEST_46250,2
TEST_46251,1
TEST_46252,2
TEST_46253,1
TEST_46254,2
TEST_46255,2
TEST_46256,2
TEST_46257,2
TEST_46258,2
TEST_46259,2
TEST_46260,2
TEST_46261,2
TEST_46262,2
TEST_46263,2
TEST_46264,2
TEST_46265,2
TEST_46266,2
TEST_46267,2
TEST_46268,1
TEST_46269,2
TEST_46270,2
TEST_46271,2
TEST_46272,1
TEST_46273,1
TEST_46274,2
TEST_46275,2
TEST_46276,2
TEST_46277,2
TEST_46278,2
TEST_46279,2
TEST_46280,2
TEST_46281,1
TEST_46282,2
TEST_46283,1
TEST_46284,2
TEST_46285,2
TEST_46286,2
TEST_46287,2
TEST_46288,0
TEST_46289,2
TEST_46290,2
TEST_46291,2
TEST_46292,2
TEST_46293,2
TEST_46294,2
TEST_46295,2
TEST_46296,2
TEST_46297,2
TEST_46298,2
TEST_46299,2
TEST_46300,1
TEST_46301,2
TEST_46302,1
TEST_46303,2
TEST_46304,2
TEST_46305,2
TEST_46306,2
TEST_46307,2
TEST_46308,2
TEST_46309,2
TEST_46310,0
TEST_46311,2
TEST_46312,2
TEST_46313,2
TEST_46314,0
TEST_46315,2
TEST_46316,2
TEST_46317,2
TEST_46318,0
TEST_46319,2
TEST_46320,1
TEST_46321,2
TEST_46322,1
TEST_46323,2
TEST_46324,2
TEST_46325,2
TEST_46326,2
TEST_46327,1
TEST_46328,1
TEST_46329,2
TEST_46330,0
TEST_46331,0
TEST_46332,1
TEST_46333,2
TEST_46334,0
TEST_46335,1
TEST_46336,2
TEST_46337,2
TEST_46338,2
TEST_46339,2
TEST_46340,2
TEST_46341,2
TEST_46342,1
TEST_46343,2
TEST_46344,1
TEST_46345,2
TEST_46346,2
TEST_46347,1
TEST_46348,2
TEST_46349,2
TEST_46350,2
TEST_46351,1
TEST_46352,1
TEST_46353,2
TEST_46354,2
TEST_46355,1
TEST_46356,1
TEST_46357,1
TEST_46358,0
TEST_46359,2
TEST_46360,2
TEST_46361,1
TEST_46362,2
TEST_46363,2
TEST_46364,2
TEST_46365,2
TEST_46366,2
TEST_46367,2
TEST_46368,2
TEST_46369,2
TEST_46370,1
TEST_46371,2
TEST_46372,2
TEST_46373,2
TEST_46374,2
TEST_46375,2
TEST_46376,2
TEST_46377,2
TEST_46378,1
TEST_46379,0
TEST_46380,2
TEST_46381,2
TEST_46382,2
TEST_46383,2
TEST_46384,2
TEST_46385,2
TEST_46386,2
TEST_46387,2
TEST_46388,0
TEST_46389,1
TEST_46390,2
TEST_46391,2
TEST_46392,2
TEST_46393,2
TEST_46394,1
TEST_46395,2
TEST_46396,2
TEST_46397,2
TEST_46398,2
TEST_46399,1
TEST_46400,2
TEST_46401,2
TEST_46402,2
TEST_46403,2
TEST_46404,2
TEST_46405,0
TEST_46406,2
TEST_46407,0
TEST_46408,1
TEST_46409,2
TEST_46410,2
TEST_46411,2
TEST_46412,2
TEST_46413,1
TEST_46414,0
TEST_46415,2
TEST_46416,2
TEST_46417,1
TEST_46418,1
TEST_46419,2
TEST_46420,2
TEST_46421,2
TEST_46422,2
TEST_46423,1
TEST_46424,2
TEST_46425,1
TEST_46426,1
TEST_46427,2
TEST_46428,2
TEST_46429,2
TEST_46430,2
TEST_46431,0
TEST_46432,1
TEST_46433,1
TEST_46434,1
TEST_46435,2
TEST_46436,2
TEST_46437,2
TEST_46438,2
TEST_46439,2
TEST_46440,2
TEST_46441,0
TEST_46442,2
TEST_46443,2
TEST_46444,2
TEST_46445,2
TEST_46446,2
TEST_46447,2
TEST_46448,2
TEST_46449,2
TEST_46450,1
TEST_46451,2
TEST_46452,2
TEST_46453,2
TEST_46454,2
TEST_46455,2
TEST_46456,2
TEST_46457,1
TEST_46458,2
TEST_46459,2
TEST_46460,0
TEST_46461,2
TEST_46462,2
TEST_46463,1
TEST_46464,2
TEST_46465,2
TEST_46466,2
TEST_46467,2
TEST_46468,2
TEST_46469,2
TEST_46470,2
TEST_46471,2
TEST_46472,2
TEST_46473,2
TEST_46474,2
TEST_46475,1
TEST_46476,2
TEST_46477,2
TEST_46478,2
TEST_46479,1
TEST_46480,2
TEST_46481,2
TEST_46482,1
TEST_46483,2
TEST_46484,2
TEST_46485,2
TEST_46486,2
TEST_46487,2
TEST_46488,2
TEST_46489,2
TEST_46490,2
TEST_46491,2
TEST_46492,2
TEST_46493,0
TEST_46494,1
TEST_46495,2
TEST_46496,2
TEST_46497,2
TEST_46498,2
TEST_46499,2
TEST_46500,2
TEST_46501,1
TEST_46502,2
TEST_46503,2
TEST_46504,2
TEST_46505,2
TEST_46506,2
TEST_46507,2
TEST_46508,0
TEST_46509,1
TEST_46510,2
TEST_46511,1
TEST_46512,2
TEST_46513,1
TEST_46514,2
TEST_46515,2
TEST_46516,2
TEST_46517,1
TEST_46518,2
TEST_46519,2
TEST_46520,2
TEST_46521,2
TEST_46522,0
TEST_46523,0
TEST_46524,2
TEST_46525,2
TEST_46526,2
TEST_46527,0
TEST_46528,0
TEST_46529,2
TEST_46530,1
TEST_46531,2
TEST_46532,2
TEST_46533,2
TEST_46534,2
TEST_46535,2
TEST_46536,2
TEST_46537,1
TEST_46538,2
TEST_46539,2
TEST_46540,2
TEST_46541,2
TEST_46542,0
TEST_46543,2
TEST_46544,2
TEST_46545,2
TEST_46546,1
TEST_46547,2
TEST_46548,2
TEST_46549,1
TEST_46550,2
TEST_46551,2
TEST_46552,2
TEST_46553,2
TEST_46554,2
TEST_46555,2
TEST_46556,2
TEST_46557,2
TEST_46558,2
TEST_46559,1
TEST_46560,2
TEST_46561,2
TEST_46562,1
TEST_46563,2
TEST_46564,2
TEST_46565,2
TEST_46566,2
TEST_46567,2
TEST_46568,2
TEST_46569,2
TEST_46570,2
TEST_46571,2
TEST_46572,2
TEST_46573,2
TEST_46574,2
TEST_46575,2
TEST_46576,2
TEST_46577,2
TEST_46578,2
TEST_46579,2
TEST_46580,2
TEST_46581,2
TEST_46582,1
TEST_46583,0
TEST_46584,2
TEST_46585,2
TEST_46586,2
TEST_46587,2
TEST_46588,2
TEST_46589,2
TEST_46590,2
TEST_46591,2
TEST_46592,2
TEST_46593,2
TEST_46594,2
TEST_46595,2
TEST_46596,2
TEST_46597,0
TEST_46598,2
TEST_46599,2
TEST_46600,2
TEST_46601,0
TEST_46602,2
TEST_46603,1
TEST_46604,2
TEST_46605,2
TEST_46606,2
TEST_46607,2
TEST_46608,1
TEST_46609,1
TEST_46610,2
TEST_46611,1
TEST_46612,1
TEST_46613,2
TEST_46614,2
TEST_46615,2
TEST_46616,2
TEST_46617,2
TEST_46618,2
TEST_46619,1
TEST_46620,2
TEST_46621,1
TEST_46622,2
TEST_46623,2
TEST_46624,0
TEST_46625,2
TEST_46626,2
TEST_46627,2
TEST_46628,2
TEST_46629,2
TEST_46630,2
TEST_46631,2
TEST_46632,0
TEST_46633,2
TEST_46634,2
TEST_46635,2
TEST_46636,2
TEST_46637,2
TEST_46638,2
TEST_46639,1
TEST_46640,2
TEST_46641,2
TEST_46642,1
TEST_46643,2
TEST_46644,1
TEST_46645,2
TEST_46646,2
TEST_46647,2
TEST_46648,2
TEST_46649,2
TEST_46650,0
TEST_46651,2
TEST_46652,0
TEST_46653,2
TEST_46654,0
TEST_46655,2
TEST_46656,2
TEST_46657,2
TEST_46658,2
TEST_46659,1
TEST_46660,0
TEST_46661,1
TEST_46662,2
TEST_46663,2
TEST_46664,2
TEST_46665,2
TEST_46666,2
TEST_46667,2
TEST_46668,1
TEST_46669,2
TEST_46670,2
TEST_46671,1
TEST_46672,1
TEST_46673,2
TEST_46674,2
TEST_46675,2
TEST_46676,2
TEST_46677,2
TEST_46678,2
TEST_46679,2
TEST_46680,2
TEST_46681,2
TEST_46682,1
TEST_46683,0
TEST_46684,2
TEST_46685,2
TEST_46686,2
TEST_46687,2
TEST_46688,2
TEST_46689,2
TEST_46690,2
TEST_46691,2
TEST_46692,1
TEST_46693,2
TEST_46694,1
TEST_46695,2
TEST_46696,2
TEST_46697,2
TEST_46698,2
TEST_46699,2
TEST_46700,1
TEST_46701,2
TEST_46702,2
TEST_46703,2
TEST_46704,2
TEST_46705,1
TEST_46706,2
TEST_46707,2
TEST_46708,2
TEST_46709,1
TEST_46710,2
TEST_46711,1
TEST_46712,1
TEST_46713,2
TEST_46714,2
TEST_46715,2
TEST_46716,2
TEST_46717,2
TEST_46718,2
TEST_46719,2
TEST_46720,2
TEST_46721,2
TEST_46722,2
TEST_46723,1
TEST_46724,2
TEST_46725,2
TEST_46726,2
TEST_46727,2
TEST_46728,1
TEST_46729,2
TEST_46730,2
TEST_46731,1
TEST_46732,2
TEST_46733,1
TEST_46734,1
TEST_46735,2
TEST_46736,1
TEST_46737,2
TEST_46738,2
TEST_46739,2
TEST_46740,2
TEST_46741,2
TEST_46742,1
TEST_46743,2
TEST_46744,1
TEST_46745,1
TEST_46746,1
TEST_46747,2
TEST_46748,2
TEST_46749,0
TEST_46750,0
TEST_46751,0
TEST_46752,2
TEST_46753,2
TEST_46754,1
TEST_46755,2
TEST_46756,2
TEST_46757,2
TEST_46758,2
TEST_46759,2
TEST_46760,1
TEST_46761,2
TEST_46762,2
TEST_46763,1
TEST_46764,2
TEST_46765,2
TEST_46766,1
TEST_46767,1
TEST_46768,2
TEST_46769,1
TEST_46770,2
TEST_46771,2
TEST_46772,2
TEST_46773,1
TEST_46774,2
TEST_46775,2
TEST_46776,2
TEST_46777,2
TEST_46778,0
TEST_46779,2
TEST_46780,2
TEST_46781,2
TEST_46782,2
TEST_46783,1
TEST_46784,1
TEST_46785,2
TEST_46786,2
TEST_46787,2
TEST_46788,1
TEST_46789,2
TEST_46790,2
TEST_46791,2
TEST_46792,2
TEST_46793,1
TEST_46794,2
TEST_46795,2
TEST_46796,2
TEST_46797,1
TEST_46798,2
TEST_46799,2
TEST_46800,1
TEST_46801,2
TEST_46802,2
TEST_46803,2
TEST_46804,2
TEST_46805,2
TEST_46806,2
TEST_46807,2
TEST_46808,2
TEST_46809,1
TEST_46810,2
TEST_46811,1
TEST_46812,0
TEST_46813,2
TEST_46814,2
TEST_46815,2
TEST_46816,2
TEST_46817,2
TEST_46818,2
TEST_46819,2
TEST_46820,2
TEST_46821,2
TEST_46822,1
TEST_46823,0
TEST_46824,2
TEST_46825,2
TEST_46826,2
TEST_46827,2
TEST_46828,2
TEST_46829,2
TEST_46830,1
TEST_46831,2
TEST_46832,1
TEST_46833,2
TEST_46834,1
TEST_46835,2
TEST_46836,2
TEST_46837,2
TEST_46838,2
TEST_46839,2
TEST_46840,0
TEST_46841,2
TEST_46842,2
TEST_46843,2
TEST_46844,2
TEST_46845,2
TEST_46846,2
TEST_46847,2
TEST_46848,1
TEST_46849,2
TEST_46850,2
TEST_46851,2
TEST_46852,2
TEST_46853,2
TEST_46854,2
TEST_46855,1
TEST_46856,1
TEST_46857,2
TEST_46858,0
TEST_46859,0
TEST_46860,2
TEST_46861,2
TEST_46862,2
TEST_46863,2
TEST_46864,1
TEST_46865,2
TEST_46866,2
TEST_46867,2
TEST_46868,2
TEST_46869,2
TEST_46870,2
TEST_46871,0
TEST_46872,2
TEST_46873,1
TEST_46874,1
TEST_46875,2
TEST_46876,2
TEST_46877,2
TEST_46878,2
TEST_46879,1
TEST_46880,2
TEST_46881,2
TEST_46882,2
TEST_46883,2
TEST_46884,2
TEST_46885,2
TEST_46886,2
TEST_46887,2
TEST_46888,0
TEST_46889,2
TEST_46890,2
TEST_46891,2
TEST_46892,2
TEST_46893,2
TEST_46894,2
TEST_46895,2
TEST_46896,2
TEST_46897,2
TEST_46898,2
TEST_46899,2
TEST_46900,1
TEST_46901,0
TEST_46902,2
TEST_46903,2
TEST_46904,2
TEST_46905,1
TEST_46906,2
TEST_46907,0
TEST_46908,1
TEST_46909,2
TEST_46910,2
TEST_46911,2
TEST_46912,2
TEST_46913,1
TEST_46914,2
TEST_46915,2
TEST_46916,2
TEST_46917,2
TEST_46918,2
TEST_46919,1
TEST_46920,1
TEST_46921,2
TEST_46922,2
TEST_46923,2
TEST_46924,2
TEST_46925,2
TEST_46926,2
TEST_46927,1
TEST_46928,2
TEST_46929,2
TEST_46930,2
TEST_46931,2
TEST_46932,1
TEST_46933,1
TEST_46934,2
TEST_46935,0
TEST_46936,2
TEST_46937,2
TEST_46938,2
TEST_46939,2
TEST_46940,2
TEST_46941,2
TEST_46942,2
TEST_46943,2
TEST_46944,2
TEST_46945,2
TEST_46946,2
TEST_46947,2
TEST_46948,2
TEST_46949,2
TEST_46950,1
TEST_46951,1
TEST_46952,2
TEST_46953,2
TEST_46954,2
TEST_46955,1
TEST_46956,2
TEST_46957,2
TEST_46958,1
TEST_46959,1
TEST_46960,1
TEST_46961,2
TEST_46962,2
TEST_46963,2
TEST_46964,1
TEST_46965,2
TEST_46966,0
TEST_46967,1
TEST_46968,1
TEST_46969,2
TEST_46970,2
TEST_46971,2
TEST_46972,1
TEST_46973,1
TEST_46974,2
TEST_46975,2
TEST_46976,2
TEST_46977,2
TEST_46978,2
TEST_46979,2
TEST_46980,2
TEST_46981,0
TEST_46982,2
TEST_46983,2
TEST_46984,1
TEST_46985,2
TEST_46986,2
TEST_46987,2
TEST_46988,2
TEST_46989,2
TEST_46990,2
TEST_46991,2
TEST_46992,2
TEST_46993,2
TEST_46994,2
TEST_46995,2
TEST_46996,2
TEST_46997,0
TEST_46998,2
TEST_46999,2
TEST_47000,2
TEST_47001,2
TEST_47002,1
TEST_47003,1
TEST_47004,2
TEST_47005,2
TEST_47006,2
TEST_47007,1
TEST_47008,2
TEST_47009,2
TEST_47010,2
TEST_47011,2
TEST_47012,2
TEST_47013,2
TEST_47014,2
TEST_47015,2
TEST_47016,2
TEST_47017,2
TEST_47018,0
TEST_47019,1
TEST_47020,2
TEST_47021,2
TEST_47022,1
TEST_47023,1
TEST_47024,2
TEST_47025,2
TEST_47026,2
TEST_47027,1
TEST_47028,2
TEST_47029,2
TEST_47030,2
TEST_47031,2
TEST_47032,1
TEST_47033,1
TEST_47034,1
TEST_47035,2
TEST_47036,1
TEST_47037,2
TEST_47038,2
TEST_47039,2
TEST_47040,2
TEST_47041,0
TEST_47042,2
TEST_47043,1
TEST_47044,2
TEST_47045,2
TEST_47046,1
TEST_47047,1
TEST_47048,2
TEST_47049,2
TEST_47050,2
TEST_47051,2
TEST_47052,2
TEST_47053,2
TEST_47054,2
TEST_47055,2
TEST_47056,2
TEST_47057,1
TEST_47058,2
TEST_47059,2
TEST_47060,2
TEST_47061,2
TEST_47062,2
TEST_47063,2
TEST_47064,2
TEST_47065,2
TEST_47066,1
TEST_47067,2
TEST_47068,1
TEST_47069,2
TEST_47070,1
TEST_47071,2
TEST_47072,1
TEST_47073,2
TEST_47074,2
TEST_47075,2
TEST_47076,0
TEST_47077,1
TEST_47078,1
TEST_47079,2
TEST_47080,2
TEST_47081,2
TEST_47082,1
TEST_47083,2
TEST_47084,2
TEST_47085,1
TEST_47086,2
TEST_47087,2
TEST_47088,2
TEST_47089,2
TEST_47090,2
TEST_47091,2
TEST_47092,2
TEST_47093,2
TEST_47094,2
TEST_47095,2
TEST_47096,0
TEST_47097,2
TEST_47098,2
TEST_47099,1
TEST_47100,2
TEST_47101,2
TEST_47102,2
TEST_47103,2
TEST_47104,2
TEST_47105,2
TEST_47106,2
TEST_47107,0
TEST_47108,2
TEST_47109,2
TEST_47110,2
TEST_47111,2
TEST_47112,2
TEST_47113,2
TEST_47114,2
TEST_47115,2
TEST_47116,2
TEST_47117,2
TEST_47118,2
TEST_47119,2
TEST_47120,0
TEST_47121,2
TEST_47122,2
TEST_47123,2
TEST_47124,2
TEST_47125,2
TEST_47126,2
TEST_47127,1
TEST_47128,0
TEST_47129,2
TEST_47130,2
TEST_47131,2
TEST_47132,2
TEST_47133,1
TEST_47134,1
TEST_47135,1
TEST_47136,2
TEST_47137,2
TEST_47138,2
TEST_47139,2
TEST_47140,1
TEST_47141,2
TEST_47142,2
TEST_47143,2
TEST_47144,2
TEST_47145,2
TEST_47146,2
TEST_47147,2
TEST_47148,1
TEST_47149,2
TEST_47150,2
TEST_47151,2
TEST_47152,2
TEST_47153,2
TEST_47154,1
TEST_47155,2
TEST_47156,0
TEST_47157,2
TEST_47158,2
TEST_47159,2
TEST_47160,2
TEST_47161,1
TEST_47162,0
TEST_47163,2
TEST_47164,2
TEST_47165,2
TEST_47166,2
TEST_47167,2
TEST_47168,1
TEST_47169,2
TEST_47170,2
TEST_47171,2
TEST_47172,2
TEST_47173,2
TEST_47174,2
TEST_47175,2
TEST_47176,1
TEST_47177,2
TEST_47178,1
TEST_47179,2
TEST_47180,1
TEST_47181,2
TEST_47182,2
TEST_47183,2
TEST_47184,2
TEST_47185,2
TEST_47186,2
TEST_47187,2
TEST_47188,0
TEST_47189,1
TEST_47190,1
TEST_47191,0
TEST_47192,1
TEST_47193,0
TEST_47194,2
TEST_47195,2
TEST_47196,0
TEST_47197,2
TEST_47198,2
TEST_47199,2
TEST_47200,2
TEST_47201,1
TEST_47202,2
TEST_47203,0
TEST_47204,2
TEST_47205,2
TEST_47206,2
TEST_47207,2
TEST_47208,2
TEST_47209,2
TEST_47210,2
TEST_47211,2
TEST_47212,1
TEST_47213,1
TEST_47214,2
TEST_47215,2
TEST_47216,1
TEST_47217,2
TEST_47218,2
TEST_47219,2
TEST_47220,2
TEST_47221,1
TEST_47222,2
TEST_47223,2
TEST_47224,2
TEST_47225,1
TEST_47226,1
TEST_47227,2
TEST_47228,2
TEST_47229,2
TEST_47230,2
TEST_47231,2
TEST_47232,2
TEST_47233,2
TEST_47234,2
TEST_47235,2
TEST_47236,2
TEST_47237,2
TEST_47238,1
TEST_47239,2
TEST_47240,2
TEST_47241,2
TEST_47242,2
TEST_47243,2
TEST_47244,0
TEST_47245,2
TEST_47246,2
TEST_47247,2
TEST_47248,0
TEST_47249,2
TEST_47250,2
TEST_47251,2
TEST_47252,0
TEST_47253,2
TEST_47254,2
TEST_47255,2
TEST_47256,2
TEST_47257,2
TEST_47258,2
TEST_47259,1
TEST_47260,0
TEST_47261,0
TEST_47262,1
TEST_47263,2
TEST_47264,2
TEST_47265,2
TEST_47266,1
TEST_47267,2
TEST_47268,2
TEST_47269,2
TEST_47270,2
TEST_47271,1
TEST_47272,1
TEST_47273,1
TEST_47274,2
TEST_47275,2
TEST_47276,2
TEST_47277,2
TEST_47278,2
TEST_47279,0
TEST_47280,1
TEST_47281,2
TEST_47282,2
TEST_47283,2
TEST_47284,2
TEST_47285,2
TEST_47286,1
TEST_47287,2
TEST_47288,2
TEST_47289,2
TEST_47290,0
TEST_47291,0
TEST_47292,1
TEST_47293,2
TEST_47294,2
TEST_47295,2
TEST_47296,2
TEST_47297,0
TEST_47298,2
TEST_47299,2
TEST_47300,2
TEST_47301,2
TEST_47302,2
TEST_47303,2
TEST_47304,2
TEST_47305,1
TEST_47306,2
TEST_47307,2
TEST_47308,1
TEST_47309,2
TEST_47310,2
TEST_47311,2
TEST_47312,2
TEST_47313,2
TEST_47314,2
TEST_47315,1
TEST_47316,2
TEST_47317,2
TEST_47318,2
TEST_47319,2
TEST_47320,2
TEST_47321,2
TEST_47322,2
TEST_47323,2
TEST_47324,2
TEST_47325,2
TEST_47326,2
TEST_47327,2
TEST_47328,1
TEST_47329,2
TEST_47330,1
TEST_47331,2
TEST_47332,2
TEST_47333,1
TEST_47334,2
TEST_47335,0
TEST_47336,2
TEST_47337,2
TEST_47338,1
TEST_47339,2
TEST_47340,1
TEST_47341,1
TEST_47342,2
TEST_47343,2
TEST_47344,2
TEST_47345,2
TEST_47346,2
TEST_47347,2
TEST_47348,0
TEST_47349,2
TEST_47350,2
TEST_47351,2
TEST_47352,2
TEST_47353,2
TEST_47354,2
TEST_47355,2
TEST_47356,0
TEST_47357,1
TEST_47358,2
TEST_47359,1
TEST_47360,2
TEST_47361,2
TEST_47362,2
TEST_47363,2
TEST_47364,2
TEST_47365,2
TEST_47366,2
TEST_47367,2
TEST_47368,2
TEST_47369,2
TEST_47370,2
TEST_47371,2
TEST_47372,2
TEST_47373,2
TEST_47374,2
TEST_47375,2
TEST_47376,2
TEST_47377,0
TEST_47378,2
TEST_47379,2
TEST_47380,2
TEST_47381,2
TEST_47382,1
TEST_47383,2
TEST_47384,2
TEST_47385,2
TEST_47386,2
TEST_47387,2
TEST_47388,2
TEST_47389,2
TEST_47390,2
TEST_47391,2
TEST_47392,1
TEST_47393,2
TEST_47394,1
TEST_47395,0
TEST_47396,2
TEST_47397,2
TEST_47398,1
TEST_47399,2
TEST_47400,2
TEST_47401,2
TEST_47402,2
TEST_47403,2
TEST_47404,2
TEST_47405,1
TEST_47406,2
TEST_47407,2
TEST_47408,2
TEST_47409,2
TEST_47410,0
TEST_47411,2
TEST_47412,1
TEST_47413,2
TEST_47414,1
TEST_47415,2
TEST_47416,2
TEST_47417,2
TEST_47418,2
TEST_47419,2
TEST_47420,1
TEST_47421,2
TEST_47422,2
TEST_47423,2
TEST_47424,2
TEST_47425,2
TEST_47426,2
TEST_47427,2
TEST_47428,2
TEST_47429,1
TEST_47430,2
TEST_47431,2
TEST_47432,2
TEST_47433,1
TEST_47434,1
TEST_47435,2
TEST_47436,1
TEST_47437,2
TEST_47438,0
TEST_47439,2
TEST_47440,2
TEST_47441,2
TEST_47442,2
TEST_47443,1
TEST_47444,1
TEST_47445,1
TEST_47446,2
TEST_47447,2
TEST_47448,1
TEST_47449,1
TEST_47450,2
TEST_47451,2
TEST_47452,1
TEST_47453,2
TEST_47454,0
TEST_47455,2
TEST_47456,2
TEST_47457,1
TEST_47458,1
TEST_47459,2
TEST_47460,1
TEST_47461,0
TEST_47462,2
TEST_47463,2
TEST_47464,1
TEST_47465,1
TEST_47466,1
TEST_47467,2
TEST_47468,1
TEST_47469,2
TEST_47470,2
TEST_47471,2
TEST_47472,2
TEST_47473,2
TEST_47474,2
TEST_47475,2
TEST_47476,2
TEST_47477,2
TEST_47478,2
TEST_47479,2
TEST_47480,2
TEST_47481,2
TEST_47482,2
TEST_47483,2
TEST_47484,1
TEST_47485,2
TEST_47486,2
TEST_47487,0
TEST_47488,2
TEST_47489,2
TEST_47490,1
TEST_47491,2
TEST_47492,2
TEST_47493,1
TEST_47494,2
TEST_47495,1
TEST_47496,2
TEST_47497,1
TEST_47498,2
TEST_47499,1
TEST_47500,1
TEST_47501,2
TEST_47502,2
TEST_47503,1
TEST_47504,2
TEST_47505,2
TEST_47506,2
TEST_47507,1
TEST_47508,0
TEST_47509,2
TEST_47510,1
TEST_47511,0
TEST_47512,2
TEST_47513,2
TEST_47514,2
TEST_47515,2
TEST_47516,2
TEST_47517,2
TEST_47518,0
TEST_47519,1
TEST_47520,2
TEST_47521,2
TEST_47522,2
TEST_47523,2
TEST_47524,0
TEST_47525,1
TEST_47526,2
TEST_47527,2
TEST_47528,2
TEST_47529,2
TEST_47530,1
TEST_47531,1
TEST_47532,2
TEST_47533,2
TEST_47534,2
TEST_47535,2
TEST_47536,2
TEST_47537,2
TEST_47538,2
TEST_47539,2
TEST_47540,2
TEST_47541,2
TEST_47542,2
TEST_47543,2
TEST_47544,2
TEST_47545,2
TEST_47546,0
TEST_47547,1
TEST_47548,2
TEST_47549,2
TEST_47550,2
TEST_47551,1
TEST_47552,0
TEST_47553,2
TEST_47554,2
TEST_47555,0
TEST_47556,2
TEST_47557,2
TEST_47558,1
TEST_47559,2
TEST_47560,0
TEST_47561,2
TEST_47562,2
TEST_47563,2
TEST_47564,2
TEST_47565,2
TEST_47566,2
TEST_47567,2
TEST_47568,1
TEST_47569,2
TEST_47570,2
TEST_47571,2
TEST_47572,1
TEST_47573,2
TEST_47574,2
TEST_47575,2
TEST_47576,1
TEST_47577,1
TEST_47578,2
TEST_47579,0
TEST_47580,0
TEST_47581,2
TEST_47582,2
TEST_47583,1
TEST_47584,2
TEST_47585,2
TEST_47586,2
TEST_47587,2
TEST_47588,2
TEST_47589,1
TEST_47590,2
TEST_47591,2
TEST_47592,2
TEST_47593,2
TEST_47594,2
TEST_47595,2
TEST_47596,2
TEST_47597,2
TEST_47598,2
TEST_47599,1
TEST_47600,2
TEST_47601,2
TEST_47602,2
TEST_47603,2
TEST_47604,1
TEST_47605,1
TEST_47606,2
TEST_47607,2
TEST_47608,2
TEST_47609,1
TEST_47610,2
TEST_47611,1
TEST_47612,2
TEST_47613,2
TEST_47614,2
TEST_47615,1
TEST_47616,2
TEST_47617,2
TEST_47618,2
TEST_47619,2
TEST_47620,1
TEST_47621,2
TEST_47622,2
TEST_47623,2
TEST_47624,2
TEST_47625,0
TEST_47626,0
TEST_47627,2
TEST_47628,0
TEST_47629,2
TEST_47630,1
TEST_47631,1
TEST_47632,2
TEST_47633,2
TEST_47634,2
TEST_47635,2
TEST_47636,2
TEST_47637,2
TEST_47638,2
TEST_47639,2
TEST_47640,0
TEST_47641,1
TEST_47642,1
TEST_47643,2
TEST_47644,2
TEST_47645,2
TEST_47646,1
TEST_47647,2
TEST_47648,2
TEST_47649,2
TEST_47650,2
TEST_47651,2
TEST_47652,2
TEST_47653,2
TEST_47654,1
TEST_47655,2
TEST_47656,2
TEST_47657,2
TEST_47658,2
TEST_47659,2
TEST_47660,2
TEST_47661,2
TEST_47662,1
TEST_47663,1
TEST_47664,1
TEST_47665,2
TEST_47666,1
TEST_47667,2
TEST_47668,2
TEST_47669,2
TEST_47670,2
TEST_47671,0
TEST_47672,2
TEST_47673,1
TEST_47674,2
TEST_47675,0
TEST_47676,2
TEST_47677,2
TEST_47678,1
TEST_47679,1
TEST_47680,2
TEST_47681,2
TEST_47682,1
TEST_47683,2
TEST_47684,2
TEST_47685,1
TEST_47686,2
TEST_47687,2
TEST_47688,2
TEST_47689,2
TEST_47690,1
TEST_47691,2
TEST_47692,2
TEST_47693,1
TEST_47694,2
TEST_47695,0
TEST_47696,2
TEST_47697,2
TEST_47698,0
TEST_47699,2
TEST_47700,2
TEST_47701,2
TEST_47702,2
TEST_47703,2
TEST_47704,2
TEST_47705,2
TEST_47706,2
TEST_47707,1
TEST_47708,2
TEST_47709,2
TEST_47710,2
TEST_47711,2
TEST_47712,2
TEST_47713,1
TEST_47714,2
TEST_47715,2
TEST_47716,1
TEST_47717,0
TEST_47718,2
TEST_47719,0
TEST_47720,2
TEST_47721,2
TEST_47722,1
TEST_47723,2
TEST_47724,0
TEST_47725,2
TEST_47726,1
TEST_47727,2
TEST_47728,2
TEST_47729,0
TEST_47730,0
TEST_47731,2
TEST_47732,1
TEST_47733,2
TEST_47734,0
TEST_47735,2
TEST_47736,2
TEST_47737,1
TEST_47738,2
TEST_47739,1
TEST_47740,1
TEST_47741,1
TEST_47742,2
TEST_47743,1
TEST_47744,2
TEST_47745,2
TEST_47746,2
TEST_47747,2
TEST_47748,2
TEST_47749,2
TEST_47750,2
TEST_47751,2
TEST_47752,2
TEST_47753,2
TEST_47754,2
TEST_47755,1
TEST_47756,2
TEST_47757,2
TEST_47758,2
TEST_47759,0
TEST_47760,2
TEST_47761,1
TEST_47762,2
TEST_47763,1
TEST_47764,2
TEST_47765,1
TEST_47766,2
TEST_47767,1
TEST_47768,2
TEST_47769,2
TEST_47770,2
TEST_47771,1
TEST_47772,2
TEST_47773,1
TEST_47774,2
TEST_47775,2
TEST_47776,2
TEST_47777,2
TEST_47778,1
TEST_47779,2
TEST_47780,2
TEST_47781,2
TEST_47782,2
TEST_47783,2
TEST_47784,1
TEST_47785,2
TEST_47786,2
TEST_47787,2
TEST_47788,2
TEST_47789,2
TEST_47790,2
TEST_47791,2
TEST_47792,2
TEST_47793,1
TEST_47794,0
TEST_47795,1
TEST_47796,2
TEST_47797,2
TEST_47798,2
TEST_47799,2
TEST_47800,1
TEST_47801,2
TEST_47802,2
TEST_47803,1
TEST_47804,2
TEST_47805,1
TEST_47806,2
TEST_47807,2
TEST_47808,2
TEST_47809,1
TEST_47810,1
TEST_47811,2
TEST_47812,1
TEST_47813,1
TEST_47814,2
TEST_47815,1
TEST_47816,2
TEST_47817,2
TEST_47818,2
TEST_47819,1
TEST_47820,2
TEST_47821,2
TEST_47822,2
TEST_47823,2
TEST_47824,2
TEST_47825,2
TEST_47826,2
TEST_47827,2
TEST_47828,2
TEST_47829,2
TEST_47830,2
TEST_47831,2
TEST_47832,2
TEST_47833,2
TEST_47834,2
TEST_47835,2
TEST_47836,2
TEST_47837,2
TEST_47838,2
TEST_47839,2
TEST_47840,2
TEST_47841,1
TEST_47842,1
TEST_47843,1
TEST_47844,0
TEST_47845,1
TEST_47846,2
TEST_47847,2
TEST_47848,2
TEST_47849,2
TEST_47850,2
TEST_47851,0
TEST_47852,2
TEST_47853,2
TEST_47854,1
TEST_47855,1
TEST_47856,2
TEST_47857,2
TEST_47858,2
TEST_47859,2
TEST_47860,2
TEST_47861,2
TEST_47862,2
TEST_47863,0
TEST_47864,1
TEST_47865,2
TEST_47866,2
TEST_47867,2
TEST_47868,2
TEST_47869,2
TEST_47870,2
TEST_47871,2
TEST_47872,1
TEST_47873,2
TEST_47874,2
TEST_47875,2
TEST_47876,0
TEST_47877,2
TEST_47878,2
TEST_47879,2
TEST_47880,1
TEST_47881,2
TEST_47882,2
TEST_47883,2
TEST_47884,2
TEST_47885,1
TEST_47886,2
TEST_47887,2
TEST_47888,1
TEST_47889,1
TEST_47890,1
TEST_47891,2
TEST_47892,1
TEST_47893,1
TEST_47894,2
TEST_47895,1
TEST_47896,2
TEST_47897,1
TEST_47898,2
TEST_47899,2
TEST_47900,1
TEST_47901,2
TEST_47902,0
TEST_47903,2
TEST_47904,2
TEST_47905,2
TEST_47906,0
TEST_47907,0
TEST_47908,2
TEST_47909,1
TEST_47910,2
TEST_47911,2
TEST_47912,1
TEST_47913,2
TEST_47914,1
TEST_47915,2
TEST_47916,2
TEST_47917,2
TEST_47918,1
TEST_47919,2
TEST_47920,2
TEST_47921,2
TEST_47922,2
TEST_47923,2
TEST_47924,0
TEST_47925,2
TEST_47926,2
TEST_47927,1
TEST_47928,2
TEST_47929,2
TEST_47930,2
TEST_47931,2
TEST_47932,2
TEST_47933,2
TEST_47934,1
TEST_47935,2
TEST_47936,2
TEST_47937,2
TEST_47938,1
TEST_47939,2
TEST_47940,2
TEST_47941,2
TEST_47942,2
TEST_47943,2
TEST_47944,2
TEST_47945,2
TEST_47946,2
TEST_47947,0
TEST_47948,2
TEST_47949,2
TEST_47950,2
TEST_47951,2
TEST_47952,2
TEST_47953,2
TEST_47954,2
TEST_47955,2
TEST_47956,2
TEST_47957,2
TEST_47958,2
TEST_47959,2
TEST_47960,2
TEST_47961,1
TEST_47962,2
TEST_47963,2
TEST_47964,2
TEST_47965,1
TEST_47966,2
TEST_47967,2
TEST_47968,2
TEST_47969,1
TEST_47970,2
TEST_47971,2
TEST_47972,2
TEST_47973,1
TEST_47974,2
TEST_47975,2
TEST_47976,2
TEST_47977,2
TEST_47978,2
TEST_47979,1
TEST_47980,2
TEST_47981,2
TEST_47982,0
TEST_47983,1
TEST_47984,2
TEST_47985,2
TEST_47986,1
TEST_47987,1
TEST_47988,2
TEST_47989,0
TEST_47990,2
TEST_47991,1
TEST_47992,0
TEST_47993,2
TEST_47994,2
TEST_47995,2
TEST_47996,2
TEST_47997,1
TEST_47998,1
TEST_47999,1
